Workbook
Name Spóźnione: #REF!

Sheet Zestawienie
A1: ZESTAWIENIE PRZYDZIAŁÓW TERENÓW — Rok służbowy 2025/2026
A2: Teren nr | B2: Data ostatniego opracowania | C2: Przydzielono | E2: Przydzielono | G2: Przydzielono | I2: Przydzielono | K2: Przydzielono
C3: Data przydziału | D3: Data opracowania | E3: Data przydziału | F3: Data opracowania | G3: Data przydziału | H3: Data opracowania | I3: Data przydziału | J3: Data opracowania | K3: Data przydziału | L3: Data opracowania
A4: 1 | B4: =IFERROR(__xludf.DUMMYFUNCTION("IF(ISBLANK(D5),"""",MAX(FILTER({D5;F5;H5;J5;L5}, ISNUMBER({D5;F5;H5;J5;L5}))))"),46186.0) -> 46186 | C4: Stolarz Daniel | E4: Winnicki Krzysztof | G4: Winnicki Krzysztof
C5: 45710 | D5: 45772 | E5: 45986 | F5: 45991 | G5: 46162 | H5: 46186
A6: 2 | B6: =IFERROR(__xludf.DUMMYFUNCTION("IF(ISBLANK(D7),"""",MAX(FILTER({D7;F7;H7;J7;L7}, ISNUMBER({D7;F7;H7;J7;L7}))))"),46130.0) -> 46130 | C6: Olender Aleksandra | E6: Winnicki Krzysztof
C7: 45851 | D7: 45963 | E7: 46091 | F7: 46130
A8: 3 | B8: =IFERROR(__xludf.DUMMYFUNCTION("IF(ISBLANK(D9),"""",MAX(FILTER({D9;F9;H9;J9;L9}, ISNUMBER({D9;F9;H9;J9;L9}))))"),46082.0) -> 46082 | C8: Stolarz Daniel | E8: Olender Aleksandra
C9: 45745 | D9: 45752 | E9: 45995 | F9: 46082
A10: 4 | B10: =IFERROR(__xludf.DUMMYFUNCTION("IF(ISBLANK(D11),"""",MAX(FILTER({D11;F11;H11;J11;L11}, ISNUMBER({D11;F11;H11;J11;L11}))))"),46221.0) -> 46221 | C10: Wojewódzki Kamil | E10: Kwiatkowska Kinga
C11: 45897 | D11: 45978 | E11: 46108 | F11: 46221
A12: 5 | B12: =IFERROR(__xludf.DUMMYFUNCTION("IF(ISBLANK(D13),"""",MAX(FILTER({D13;F13;H13;J13;L13}, ISNUMBER({D13;F13;H13;J13;L13}))))"),46081.0) -> 46081 | C12: Milewska Anna | E12: Winnicki Krzysztof
C13: 45888 | D13: 45929 | E13: 46037 | F13: 46081
A14: 6 | B14: =IFERROR(__xludf.DUMMYFUNCTION("IF(ISBLANK(D15),"""",MAX(FILTER({D15;F15;H15;J15;L15}, ISNUMBER({D15;F15;H15;J15;L15}))))"),45991.0) -> 45991 | C14: Pieśniewski Kazimierz | E14: Winnicki Krzysztof
C15: 40933 | D15: 45755 | E15: 45981 | F15: 45991
A16: 7 | B16: =IFERROR(__xludf.DUMMYFUNCTION("IF(ISBLANK(D17),"""",MAX(FILTER({D17;F17;H17;J17;L17}, ISNUMBER({D17;F17;H17;J17;L17}))))"),46121.0) -> 46121 | C16: Geszczyński Tomasz | E16: Winnicki Krzysztof
C17: 45888 | D17: 45930 | E17: 46106 | F17: 46121
A18: 8 | B18: =IFERROR(__xludf.DUMMYFUNCTION("IF(ISBLANK(D19),"""",MAX(FILTER({D19;F19;H19;J19;L19}, ISNUMBER({D19;F19;H19;J19;L19}))))"),46024.0) -> 46024 | C18: Milewska Anna | E18: Winnicki Krzysztof
C19: 45669 | D19: 45755 | E19: 46011 | F19: 46024
A20: 9 | B20: =IFERROR(__xludf.DUMMYFUNCTION("IF(ISBLANK(D21),"""",MAX(FILTER({D21;F21;H21;J21;L21}, ISNUMBER({D21;F21;H21;J21;L21}))))"),46184.0) -> 46184 | C20: Wojewódzki Kamil | E20: Piechota Ireneusz
C21: 45771 | D21: 45929 | E21: 46143 | F21: 46184
A22: 10 | B22: =IFERROR(__xludf.DUMMYFUNCTION("IF(ISBLANK(D23),"""",MAX(FILTER({D23;F23;H23;J23;L23}, ISNUMBER({D23;F23;H23;J23;L23}))))"),46186.0) -> 46186 | C22: Piechota Ireneusz | E22: Wojewódzki Kamil
C23: 45888 | D23: 45935 | E23: 46122 | F23: 46186
A24: 11 | B24: =IFERROR(__xludf.DUMMYFUNCTION("IF(ISBLANK(D25),"""",MAX(FILTER({D25;F25;H25;J25;L25}, ISNUMBER({D25;F25;H25;J25;L25}))))"),46187.0) -> 46187 | C24: Krzyżanowski Władysław | E24: Stachyra Witold
C25: 45830 | D25: 45900 | E25: 46107 | F25: 46187
A26: 12 | B26: =IFERROR(__xludf.DUMMYFUNCTION("IF(ISBLANK(D27),"""",MAX(FILTER({D27;F27;H27;J27;L27}, ISNUMBER({D27;F27;H27;J27;L27}))))"),45991.0) -> 45991 | C26: Piechota Ireneusz | E26: Migrała Wioletta
C27: 45888 | D27: 45991 | E27: 46133
A28: 13 | B28: =IFERROR(__xludf.DUMMYFUNCTION("IF(ISBLANK(D29),"""",MAX(FILTER({D29;F29;H29;J29;L29}, ISNUMBER({D29;F29;H29;J29;L29}))))"),46175.0) -> 46175 | C28: Słupski Michał | E28: Milewska Anna
C29: 45815 | D29: 45888 | E29: 46107 | F29: 46175
A30: 14 | B30: =IFERROR(__xludf.DUMMYFUNCTION("IF(ISBLANK(D31),"""",MAX(FILTER({D31;F31;H31;J31;L31}, ISNUMBER({D31;F31;H31;J31;L31}))))"),46186.0) -> 46186 | C30: Milewska Anna | E30: Wojewódzki Kamil
C31: 45853 | D31: 45937 | E31: 46117 | F31: 46186
A32: 15 | B32: =IFERROR(__xludf.DUMMYFUNCTION("IF(ISBLANK(D33),"""",MAX(FILTER({D33;F33;H33;J33;L33}, ISNUMBER({D33;F33;H33;J33;L33}))))"),46071.0) -> 46071 | C32: Piechota Ireneusz | E32: Winnicki Krzysztof
C33: 45708 | D33: 45732 | E33: 46042 | F33: 46071
A34: 16 | B34: =IFERROR(__xludf.DUMMYFUNCTION("IF(ISBLANK(D35),"""",MAX(FILTER({D35;F35;H35;J35;L35}, ISNUMBER({D35;F35;H35;J35;L35}))))"),46149.0) -> 46149 | C34: Winnicki Krzysztof | E34: Geszczyński Tomasz
C35: 45776 | D35: 45837 | E35: 46109 | F35: 46149
A36: 17 | B36: =IFERROR(__xludf.DUMMYFUNCTION("IF(ISBLANK(D37),"""",MAX(FILTER({D37;F37;H37;J37;L37}, ISNUMBER({D37;F37;H37;J37;L37}))))"),46131.0) -> 46131 | C36: Geszczyński Tomasz | E36: Milewska Anna
C37: 45773 | D37: 45865 | E37: 46071 | F37: 46131
A38: 18 | B38: =IFERROR(__xludf.DUMMYFUNCTION("IF(ISBLANK(D39),"""",MAX(FILTER({D39;F39;H39;J39;L39}, ISNUMBER({D39;F39;H39;J39;L39}))))"),"") | C38: Grabowska Lidia
C39: 45776
A40: 19 | B40: =IFERROR(__xludf.DUMMYFUNCTION("IF(ISBLANK(D41),"""",MAX(FILTER({D41;F41;H41;J41;L41}, ISNUMBER({D41;F41;H41;J41;L41}))))"),45914.0) -> 45914 | C40: Słupski Michał | E40: Wojewódzki Kamil
C41: 45905 | D41: 45914 | E41: 46122
A42: 20 | B42: =IFERROR(__xludf.DUMMYFUNCTION("IF(ISBLANK(D43),"""",MAX(FILTER({D43;F43;H43;J43;L43}, ISNUMBER({D43;F43;H43;J43;L43}))))"),46121.0) -> 46121 | C42: Katarzyński Marek | E42: Piechota Ireneusz | G42: Winnicki Krzysztof
C43: 45764 | D43: 45765 | E43: 45950 | F43: 46046 | G43: 46113 | H43: 46121
A44: 21 | B44: =IFERROR(__xludf.DUMMYFUNCTION("IF(ISBLANK(D45),"""",MAX(FILTER({D45;F45;H45;J45;L45}, ISNUMBER({D45;F45;H45;J45;L45}))))"),46106.0) -> 46106 | C44: Krzysztofowicz Anna | E44: Winnicki Krzysztof
C45: 45704 | D45: 45811 | E45: 46096 | F45: 46106
A46: 22 | B46: =IFERROR(__xludf.DUMMYFUNCTION("IF(ISBLANK(D47),"""",MAX(FILTER({D47;F47;H47;J47;L47}, ISNUMBER({D47;F47;H47;J47;L47}))))"),46122.0) -> 46122 | C46: Słupski Michał | E46: Winnicki Krzysztof
C47: 45815 | D47: 45888 | E47: 46091 | F47: 46122
A48: 23 | B48: =IFERROR(__xludf.DUMMYFUNCTION("IF(ISBLANK(D49),"""",MAX(FILTER({D49;F49;H49;J49;L49}, ISNUMBER({D49;F49;H49;J49;L49}))))"),46109.0) -> 46109 | C48: Stachyra Witold
C49: 45853 | D49: 46109
A50: 24 | B50: =IFERROR(__xludf.DUMMYFUNCTION("IF(ISBLANK(D51),"""",MAX(FILTER({D51;F51;H51;J51;L51}, ISNUMBER({D51;F51;H51;J51;L51}))))"),46215.0) -> 46215 | C50: Geszczyński Tomasz | E50: Piechota Ireneusz
C51: 45802 | D51: 45930 | E51: 46149 | F51: 46215
A52: 25 | B52: =IFERROR(__xludf.DUMMYFUNCTION("IF(ISBLANK(D53),"""",MAX(FILTER({D53;F53;H53;J53;L53}, ISNUMBER({D53;F53;H53;J53;L53}))))"),46187.0) -> 46187 | C52: Geszczyński Tomasz | E52: Słupski Michał
C53: 45888 | D53: 45930 | E53: 46159 | F53: 46187
A54: 26 | B54: =IFERROR(__xludf.DUMMYFUNCTION("IF(ISBLANK(D55),"""",MAX(FILTER({D55;F55;H55;J55;L55}, ISNUMBER({D55;F55;H55;J55;L55}))))"),46264.0) -> 46264 | C54: Tymowicz Witold | E54: Fabczak Oliwia
C55: 45676 | D55: 46264 | E55: 46264
A56: 27 | B56: =IFERROR(__xludf.DUMMYFUNCTION("IF(ISBLANK(D57),"""",MAX(FILTER({D57;F57;H57;J57;L57}, ISNUMBER({D57;F57;H57;J57;L57}))))"),46180.0) -> 46180 | C56: Gawryluk Ewa | E56: Słupski Michał
C57: 45802 | D57: 45928 | E57: 46159 | F57: 46180
A58: 28 | B58: =IFERROR(__xludf.DUMMYFUNCTION("IF(ISBLANK(D59),"""",MAX(FILTER({D59;F59;H59;J59;L59}, ISNUMBER({D59;F59;H59;J59;L59}))))"),46106.0) -> 46106 | C58: Krzyżanowski Władysław | E58: Wojewódzki Kamil
C59: 45676 | D59: 45720 | E59: 46036 | F59: 46106
A60: 29 | B60: =IFERROR(__xludf.DUMMYFUNCTION("IF(ISBLANK(D61),"""",MAX(FILTER({D61;F61;H61;J61;L61}, ISNUMBER({D61;F61;H61;J61;L61}))))"),46186.0) -> 46186 | C60: Geszczyński Tomasz | E60: Wojewódzki Kamil
C61: 45888 | D61: 45928 | E61: 46159 | F61: 46186
A62: 30 | B62: =IFERROR(__xludf.DUMMYFUNCTION("IF(ISBLANK(D63),"""",MAX(FILTER({D63;F63;H63;J63;L63}, ISNUMBER({D63;F63;H63;J63;L63}))))"),45974.0) -> 45974 | C62: Katarzyński Marek | E62: Geszczyński Tomasz
C63: 45883 | D63: 45974 | E63: 46149
A64: 31 | B64: =IFERROR(__xludf.DUMMYFUNCTION("IF(ISBLANK(D65),"""",MAX(FILTER({D65;F65;H65;J65;L65}, ISNUMBER({D65;F65;H65;J65;L65}))))"),46130.0) -> 46130 | C64: Katarzyński Marek | E64: Piechota Ireneusz
C65: 45657 | D65: 45669 | E65: 46091 | F65: 46130
A66: 32 | B66: =IFERROR(__xludf.DUMMYFUNCTION("IF(ISBLANK(D67),"""",MAX(FILTER({D67;F67;H67;J67;L67}, ISNUMBER({D67;F67;H67;J67;L67}))))"),46106.0) -> 46106 | C66: Stachyra Witold | E66: Wojewódzki Kamil
C67: 45649 | D67: 45757 | E67: 46005 | F67: 46106
A68: 33 | B68: =IFERROR(__xludf.DUMMYFUNCTION("IF(ISBLANK(D69),"""",MAX(FILTER({D69;F69;H69;J69;L69}, ISNUMBER({D69;F69;H69;J69;L69}))))"),46109.0) -> 46109 | C68: Geszczyński Tomasz | E68: Winnicki Krzysztof
C69: 45704 | D69: 45739 | E69: 46079 | F69: 46109
A70: 34 | B70: =IFERROR(__xludf.DUMMYFUNCTION("IF(ISBLANK(D71),"""",MAX(FILTER({D71;F71;H71;J71;L71}, ISNUMBER({D71;F71;H71;J71;L71}))))"),45755.0) -> 45755 | C70: Wojewódzki Kamil | E70: Stolarz Daniel
C71: 45718 | D71: 45755 | E71: 46048
A72: 35 | B72: =IFERROR(__xludf.DUMMYFUNCTION("IF(ISBLANK(D73),"""",MAX(FILTER({D73;F73;H73;J73;L73}, ISNUMBER({D73;F73;H73;J73;L73}))))"),46226.0) -> 46226 | C72: Piechota Ireneusz | E72: Winnicki Krzysztof | G72: Słupski Michał
C73: 45773 | D73: 45832 | E73: 46101 | F73: 46106 | G73: 46182 | H73: 46226
A74: 36 | B74: =IFERROR(__xludf.DUMMYFUNCTION("IF(ISBLANK(D75),"""",MAX(FILTER({D75;F75;H75;J75;L75}, ISNUMBER({D75;F75;H75;J75;L75}))))"),46271.0) -> 46271 | C74: Olender Aleksandra | E74: Milewska Anna | G74: Milewska Anna
C75: 45851 | D75: 45914 | E75: 46173 | F75: 46271 | G75: 46271
A76: 37 | B76: =IFERROR(__xludf.DUMMYFUNCTION("IF(ISBLANK(D77),"""",MAX(FILTER({D77;F77;H77;J77;L77}, ISNUMBER({D77;F77;H77;J77;L77}))))"),45755.0) -> 45755 | C76: Słupski Michał | E76: Wojewódzki Kamil
C77: 45732 | D77: 45755 | E77: 46036
A78: 38 | B78: =IFERROR(__xludf.DUMMYFUNCTION("IF(ISBLANK(D79),"""",MAX(FILTER({D79;F79;H79;J79;L79}, ISNUMBER({D79;F79;H79;J79;L79}))))"),46142.0) -> 46142 | C78: Katarzyński Marek | E78: Piechota Ireneusz
C79: 45783 | D79: 45844 | E79: 46101 | F79: 46142
A80: 39 | B80: =IFERROR(__xludf.DUMMYFUNCTION("IF(ISBLANK(D81),"""",MAX(FILTER({D81;F81;H81;J81;L81}, ISNUMBER({D81;F81;H81;J81;L81}))))"),46271.0) -> 46271 | C80: Geszczyński Tomasz | E80: Olender Aleksandra
C81: 45888 | D81: 45930 | E81: 46182 | F81: 46271
A82: 40 | B82: =IFERROR(__xludf.DUMMYFUNCTION("IF(ISBLANK(D83),"""",MAX(FILTER({D83;F83;H83;J83;L83}, ISNUMBER({D83;F83;H83;J83;L83}))))"),45935.0) -> 45935 | C82: Piechota Ireneusz | E82: Szczepanik Jan
C83: 45888 | D83: 45935 | E83: 46182
A84: 41 | B84: =IFERROR(__xludf.DUMMYFUNCTION("IF(ISBLANK(D85),"""",MAX(FILTER({D85;F85;H85;J85;L85}, ISNUMBER({D85;F85;H85;J85;L85}))))"),46135.0) -> 46135 | C84: Kwiatkowska Kinga | E84: Stachyra Witold
C85: 45679 | D85: 45797 | E85: 46107 | F85: 46135
A86: 42 | B86: =IFERROR(__xludf.DUMMYFUNCTION("IF(ISBLANK(D87),"""",MAX(FILTER({D87;F87;H87;J87;L87}, ISNUMBER({D87;F87;H87;J87;L87}))))"),46109.0) -> 46109 | C86: Stachyra Witold | E86: Olender Szymon | G86: Słupski Michał
C87: 45597 | D87: 45929 | E87: 46063 | F87: 46109 | G87: 46275
A88: 43 | B88: =IFERROR(__xludf.DUMMYFUNCTION("IF(ISBLANK(D89),"""",MAX(FILTER({D89;F89;H89;J89;L89}, ISNUMBER({D89;F89;H89;J89;L89}))))"),46238.0) -> 46238 | C88: Duda Mariusz
C89: 45930 | D89: 46238
A90: 44 | B90: =IFERROR(__xludf.DUMMYFUNCTION("IF(ISBLANK(D91),"""",MAX(FILTER({D91;F91;H91;J91;L91}, ISNUMBER({D91;F91;H91;J91;L91}))))"),45881.0) -> 45881 | C90: Stachyra Witold | E90: Szczepanik Jan
C91: 45802 | D91: 45881 | E91: 46182
A92: 45 | B92: =IFERROR(__xludf.DUMMYFUNCTION("IF(ISBLANK(D93),"""",MAX(FILTER({D93;F93;H93;J93;L93}, ISNUMBER({D93;F93;H93;J93;L93}))))"),45998.0) -> 45998 | C92: Geszczyński Tomasz | E92: Winnicki Krzysztof | G92: Wojewódzki Kamil
C93: 45732 | D93: 45762 | E93: 45982 | F93: 45998 | G93: 46183
A94: 46 | B94: =IFERROR(__xludf.DUMMYFUNCTION("IF(ISBLANK(D95),"""",MAX(FILTER({D95;F95;H95;J95;L95}, ISNUMBER({D95;F95;H95;J95;L95}))))"),45844.0) -> 45844 | C94: Olender Aleksandra | E94: Słupski Michał
C95: 45770 | D95: 45844 | E95: 46182
A96: 47 | B96: =IFERROR(__xludf.DUMMYFUNCTION("IF(ISBLANK(D97),"""",MAX(FILTER({D97;F97;H97;J97;L97}, ISNUMBER({D97;F97;H97;J97;L97}))))"),46133.0) -> 46133 | C96: Migrała Wioletta
C97: 45797 | D97: 46133
A98: 48 | B98: =IFERROR(__xludf.DUMMYFUNCTION("IF(ISBLANK(D99),"""",MAX(FILTER({D99;F99;H99;J99;L99}, ISNUMBER({D99;F99;H99;J99;L99}))))"),46210.0) -> 46210 | C98: Stachyra Witold | E98: Stachyra Witold
C99: 45802 | D99: 45881 | E99: 46182 | F99: 46210
A100: 49 | B100: =IFERROR(__xludf.DUMMYFUNCTION("IF(ISBLANK(D101),"""",MAX(FILTER({D101;F101;H101;J101;L101}, ISNUMBER({D101;F101;H101;J101;L101}))))"),"") | C100: Katarzyński Marek
...

Sheet Skrócone zestawienie
A1: Teren nr | B1: Głosiciel | C1: Wolny / Zajęty | D1: Od ilu dni | E1: Ile terenów przydzielonych ma głosiciel
A2: 1 | B2: =IFERROR(__xludf.DUMMYFUNCTION("IF( OR(C2=""Zajęte"", C2=""Spóźnione""), IFERROR( INDEX( FILTER( { INDEX(Zestawienie!K:K, ROW()*2); INDEX(Zestawienie!I:I, ROW()*2); INDEX(Zestawienie!G:G, ROW()*2); INDEX(Zestawienie!E:E, ROW("&")*2); INDEX(Zestawienie!C:C, ROW()*2) }, { INDEX(Zestawienie!K:K, ROW()*2)<>"""" ; INDEX(Zestawienie!I:I, ROW()*2)<>"""" ; INDEX(Zestawienie!G:G, ROW()*2)<>"""" ; INDEX(Zestawienie!E:E, ROW"&"()*2)<>"""" ; INDEX(Zestawienie!C:C, ROW()*2)<>"""" } ), 1 ), """" ), """" ) "),"") | C2: {=IF( OR( AND(NOT(ISBLANK(INDEX(Zestawienie!C:C,ROW()*2+1))), INDEX(Zestawienie!C:C,ROW()*2+1)<TODAY()-120, ISBLANK(INDEX(Zestawienie!D:D,ROW()*2+1))), AND(NOT(ISBLANK(INDEX(Zestawienie!E:E,ROW()*2+1))), INDEX(Zestawienie!E:E,ROW()*2+1)<TODAY()-120, ISBLANK(INDEX(Zestawienie!F:F,ROW()*2+1))), AND(NOT(ISBLANK(INDEX(Zestawienie!G:G,ROW()*2+1))), INDEX(Zestawienie!G:G,ROW()*2+1)<TODAY()-120, ISBLANK(INDEX(Zestawienie!H:H,ROW()*2+1))), AND(NOT(ISBLANK(INDEX(Zestawienie!I:I,ROW()*2+1))), INDEX(Zestawienie!I:I,ROW()*2+1)<TODAY()-120, ISBLANK(INDEX(Zestawienie!J:J,ROW()*2+1))), AND(NOT(ISBLANK(INDEX(Zestawienie!K:K,ROW()*2+1))), INDEX(Zestawienie!K:K,ROW()*2+1)<TODAY()-120, ISBLANK(INDEX(Zestawienie!L:L,ROW()*2+1))) ), "Spóźnione", IF( OR( AND(NOT(ISBLANK(INDEX(Zestawienie!C:C,ROW()*2+1))), ISBLANK(INDEX(Zestawienie!D:D,ROW()*2+1))), AND(NOT(ISBLANK(INDEX(Zestawienie!E:E,ROW()*2+1))), ISBLANK(INDEX(Zestawienie!F:F,ROW()*2+1))), AND(NOT(ISBLANK(INDEX(Zestawienie!G:G,ROW()*2+1))), ISBLANK(INDEX(Zestawienie!H:H,ROW()*2+1))), AND(NOT(ISBLANK(INDEX(Zestawienie!I:I,ROW()*2+1))), ISBLANK(INDEX(Zestawienie!J:J,ROW()*2+1))), AND(NOT(ISBLANK(INDEX(Zestawienie!K:K,ROW()*2+1))), ISBLANK(INDEX(Zestawienie!L:L,ROW()*2+1))) ), "Zajęte", "Wolne" ) )} -> Wolne | D2: {=IFERROR( IF( ISBLANK(INDEX(Zestawienie!B:B, MATCH(A2, Zestawienie!A:A, 0))), "", IF(C2="Wolne", IF( OR( ISBLANK(INDEX(Zestawienie!B:B, MATCH(A2, Zestawienie!A:A, 0))), NOT(ISNUMBER(INDEX(Zestawienie!B:B, MATCH(A2, Zestawienie!A:A, 0)))) ), "", TODAY()-INDEX(Zestawienie!B:B, MATCH(A2, Zestawienie!A:A, 0)) ), IF(OR(C2="Zajęte", C2="Spóźnione"), IF( ISBLANK( MAX( IF(ISNUMBER(INDEX(Zestawienie!C:C, 2*ROW()+1)), INDEX(Zestawienie!C:C, 2*ROW()+1), 0), IF(ISNUMBER(INDEX(Zestawienie!E:E, 2*ROW()+1)), INDEX(Zestawienie!E:E, 2*ROW()+1), 0), IF(ISNUMBER(INDEX(Zestawienie!G:G, 2*ROW()+1)), INDEX(Zestawienie!G:G, 2*ROW()+1), 0), IF(ISNUMBER(INDEX(Zestawienie!I:I, 2*ROW()+1)), INDEX(Zestawienie!I:I, 2*ROW()+1), 0), IF(ISNUMBER(INDEX(Zestawienie!K:K, 2*ROW()+1)), INDEX(Zestawienie!K:K, 2*ROW()+1), 0) ) ), "", IF(C2="Zajęte", TODAY()-MAX( IF(ISNUMBER(INDEX(Zestawienie!C:C, 2*ROW()+1)), INDEX(Zestawienie!C:C, 2*ROW()+1), 0), IF(ISNUMBER(INDEX(Zestawienie!E:E, 2*ROW()+1)), INDEX(Zestawienie!E:E, 2*ROW()+1), 0), IF(ISNUMBER(INDEX(Zestawienie!G:G, 2*ROW()+1)), INDEX(Zestawienie!G:G, 2*ROW()+1), 0), IF(ISNUMBER(INDEX(Zestawienie!I:I, 2*ROW()+1)), INDEX(Zestawienie!I:I, 2*ROW()+1), 0), IF(ISNUMBER(INDEX(Zestawienie!K:K, 2*ROW()+1)), INDEX(Zestawienie!K:K, 2*ROW()+1), 0) ), MAX(0, TODAY()-MAX( IF(ISNUMBER(INDEX(Zestawienie!C:C, 2*ROW()+1)), INDEX(Zestawienie!C:C, 2*ROW()+1), 0), IF(ISNUMBER(INDEX(Zestawienie!E:E, 2*ROW()+1)), INDEX(Zestawienie!E:E, 2*ROW()+1), 0), IF(ISNUMBER(INDEX(Zestawienie!G:G, 2*ROW()+1)), INDEX(Zestawienie!G:G, 2*ROW()+1), 0), IF(ISNUMBER(INDEX(Zestawienie!I:I, 2*ROW()+1)), INDEX(Zestawienie!I:I, 2*ROW()+1), 0), IF(ISNUMBER(INDEX(Zestawienie!K:K, 2*ROW()+1)), INDEX(Zestawienie!K:K, 2*ROW()+1), 0) )-120) ) ), "" ) ) ), "")} -> 93
A3: 2 | B3: =IFERROR(__xludf.DUMMYFUNCTION("IF( OR(C3=""Zajęte"", C3=""Spóźnione""), IFERROR( INDEX( FILTER( { INDEX(Zestawienie!K:K, ROW()*2); INDEX(Zestawienie!I:I, ROW()*2); INDEX(Zestawienie!G:G, ROW()*2); INDEX(Zestawienie!E:E, ROW("&")*2); INDEX(Zestawienie!C:C, ROW()*2) }, { INDEX(Zestawienie!K:K, ROW()*2)<>"""" ; INDEX(Zestawienie!I:I, ROW()*2)<>"""" ; INDEX(Zestawienie!G:G, ROW()*2)<>"""" ; INDEX(Zestawienie!E:E, ROW"&"()*2)<>"""" ; INDEX(Zestawienie!C:C, ROW()*2)<>"""" } ), 1 ), """" ), """" ) "),"") | C3: {=IF( OR( AND(NOT(ISBLANK(INDEX(Zestawienie!C:C,ROW()*2+1))), INDEX(Zestawienie!C:C,ROW()*2+1)<TODAY()-120, ISBLANK(INDEX(Zestawienie!D:D,ROW()*2+1))), AND(NOT(ISBLANK(INDEX(Zestawienie!E:E,ROW()*2+1))), INDEX(Zestawienie!E:E,ROW()*2+1)<TODAY()-120, ISBLANK(INDEX(Zestawienie!F:F,ROW()*2+1))), AND(NOT(ISBLANK(INDEX(Zestawienie!G:G,ROW()*2+1))), INDEX(Zestawienie!G:G,ROW()*2+1)<TODAY()-120, ISBLANK(INDEX(Zestawienie!H:H,ROW()*2+1))), AND(NOT(ISBLANK(INDEX(Zestawienie!I:I,ROW()*2+1))), INDEX(Zestawienie!I:I,ROW()*2+1)<TODAY()-120, ISBLANK(INDEX(Zestawienie!J:J,ROW()*2+1))), AND(NOT(ISBLANK(INDEX(Zestawienie!K:K,ROW()*2+1))), INDEX(Zestawienie!K:K,ROW()*2+1)<TODAY()-120, ISBLANK(INDEX(Zestawienie!L:L,ROW()*2+1))) ), "Spóźnione", IF( OR( AND(NOT(ISBLANK(INDEX(Zestawienie!C:C,ROW()*2+1))), ISBLANK(INDEX(Zestawienie!D:D,ROW()*2+1))), AND(NOT(ISBLANK(INDEX(Zestawienie!E:E,ROW()*2+1))), ISBLANK(INDEX(Zestawienie!F:F,ROW()*2+1))), AND(NOT(ISBLANK(INDEX(Zestawienie!G:G,ROW()*2+1))), ISBLANK(INDEX(Zestawienie!H:H,ROW()*2+1))), AND(NOT(ISBLANK(INDEX(Zestawienie!I:I,ROW()*2+1))), ISBLANK(INDEX(Zestawienie!J:J,ROW()*2+1))), AND(NOT(ISBLANK(INDEX(Zestawienie!K:K,ROW()*2+1))), ISBLANK(INDEX(Zestawienie!L:L,ROW()*2+1))) ), "Zajęte", "Wolne" ) )} -> Wolne | D3: {=IFERROR( IF( ISBLANK(INDEX(Zestawienie!B:B, MATCH(A3, Zestawienie!A:A, 0))), "", IF(C3="Wolne", IF( OR( ISBLANK(INDEX(Zestawienie!B:B, MATCH(A3, Zestawienie!A:A, 0))), NOT(ISNUMBER(INDEX(Zestawienie!B:B, MATCH(A3, Zestawienie!A:A, 0)))) ), "", TODAY()-INDEX(Zestawienie!B:B, MATCH(A3, Zestawienie!A:A, 0)) ), IF(OR(C3="Zajęte", C3="Spóźnione"), IF( ISBLANK( MAX( IF(ISNUMBER(INDEX(Zestawienie!C:C, 2*ROW()+1)), INDEX(Zestawienie!C:C, 2*ROW()+1), 0), IF(ISNUMBER(INDEX(Zestawienie!E:E, 2*ROW()+1)), INDEX(Zestawienie!E:E, 2*ROW()+1), 0), IF(ISNUMBER(INDEX(Zestawienie!G:G, 2*ROW()+1)), INDEX(Zestawienie!G:G, 2*ROW()+1), 0), IF(ISNUMBER(INDEX(Zestawienie!I:I, 2*ROW()+1)), INDEX(Zestawienie!I:I, 2*ROW()+1), 0), IF(ISNUMBER(INDEX(Zestawienie!K:K, 2*ROW()+1)), INDEX(Zestawienie!K:K, 2*ROW()+1), 0) ) ), "", IF(C3="Zajęte", TODAY()-MAX( IF(ISNUMBER(INDEX(Zestawienie!C:C, 2*ROW()+1)), INDEX(Zestawienie!C:C, 2*ROW()+1), 0), IF(ISNUMBER(INDEX(Zestawienie!E:E, 2*ROW()+1)), INDEX(Zestawienie!E:E, 2*ROW()+1), 0), IF(ISNUMBER(INDEX(Zestawienie!G:G, 2*ROW()+1)), INDEX(Zestawienie!G:G, 2*ROW()+1), 0), IF(ISNUMBER(INDEX(Zestawienie!I:I, 2*ROW()+1)), INDEX(Zestawienie!I:I, 2*ROW()+1), 0), IF(ISNUMBER(INDEX(Zestawienie!K:K, 2*ROW()+1)), INDEX(Zestawienie!K:K, 2*ROW()+1), 0) ), MAX(0, TODAY()-MAX( IF(ISNUMBER(INDEX(Zestawienie!C:C, 2*ROW()+1)), INDEX(Zestawienie!C:C, 2*ROW()+1), 0), IF(ISNUMBER(INDEX(Zestawienie!E:E, 2*ROW()+1)), INDEX(Zestawienie!E:E, 2*ROW()+1), 0), IF(ISNUMBER(INDEX(Zestawienie!G:G, 2*ROW()+1)), INDEX(Zestawienie!G:G, 2*ROW()+1), 0), IF(ISNUMBER(INDEX(Zestawienie!I:I, 2*ROW()+1)), INDEX(Zestawienie!I:I, 2*ROW()+1), 0), IF(ISNUMBER(INDEX(Zestawienie!K:K, 2*ROW()+1)), INDEX(Zestawienie!K:K, 2*ROW()+1), 0) )-120) ) ), "" ) ) ), "")} -> 149
A4: 3 | B4: =IFERROR(__xludf.DUMMYFUNCTION("IF( OR(C4=""Zajęte"", C4=""Spóźnione""), IFERROR( INDEX( FILTER( { INDEX(Zestawienie!K:K, ROW()*2); INDEX(Zestawienie!I:I, ROW()*2); INDEX(Zestawienie!G:G, ROW()*2); INDEX(Zestawienie!E:E, ROW("&")*2); INDEX(Zestawienie!C:C, ROW()*2) }, { INDEX(Zestawienie!K:K, ROW()*2)<>"""" ; INDEX(Zestawienie!I:I, ROW()*2)<>"""" ; INDEX(Zestawienie!G:G, ROW()*2)<>"""" ; INDEX(Zestawienie!E:E, ROW"&"()*2)<>"""" ; INDEX(Zestawienie!C:C, ROW()*2)<>"""" } ), 1 ), """" ), """" ) "),"") | C4: {=IF( OR( AND(NOT(ISBLANK(INDEX(Zestawienie!C:C,ROW()*2+1))), INDEX(Zestawienie!C:C,ROW()*2+1)<TODAY()-120, ISBLANK(INDEX(Zestawienie!D:D,ROW()*2+1))), AND(NOT(ISBLANK(INDEX(Zestawienie!E:E,ROW()*2+1))), INDEX(Zestawienie!E:E,ROW()*2+1)<TODAY()-120, ISBLANK(INDEX(Zestawienie!F:F,ROW()*2+1))), AND(NOT(ISBLANK(INDEX(Zestawienie!G:G,ROW()*2+1))), INDEX(Zestawienie!G:G,ROW()*2+1)<TODAY()-120, ISBLANK(INDEX(Zestawienie!H:H,ROW()*2+1))), AND(NOT(ISBLANK(INDEX(Zestawienie!I:I,ROW()*2+1))), INDEX(Zestawienie!I:I,ROW()*2+1)<TODAY()-120, ISBLANK(INDEX(Zestawienie!J:J,ROW()*2+1))), AND(NOT(ISBLANK(INDEX(Zestawienie!K:K,ROW()*2+1))), INDEX(Zestawienie!K:K,ROW()*2+1)<TODAY()-120, ISBLANK(INDEX(Zestawienie!L:L,ROW()*2+1))) ), "Spóźnione", IF( OR( AND(NOT(ISBLANK(INDEX(Zestawienie!C:C,ROW()*2+1))), ISBLANK(INDEX(Zestawienie!D:D,ROW()*2+1))), AND(NOT(ISBLANK(INDEX(Zestawienie!E:E,ROW()*2+1))), ISBLANK(INDEX(Zestawienie!F:F,ROW()*2+1))), AND(NOT(ISBLANK(INDEX(Zestawienie!G:G,ROW()*2+1))), ISBLANK(INDEX(Zestawienie!H:H,ROW()*2+1))), AND(NOT(ISBLANK(INDEX(Zestawienie!I:I,ROW()*2+1))), ISBLANK(INDEX(Zestawienie!J:J,ROW()*2+1))), AND(NOT(ISBLANK(INDEX(Zestawienie!K:K,ROW()*2+1))), ISBLANK(INDEX(Zestawienie!L:L,ROW()*2+1))) ), "Zajęte", "Wolne" ) )} -> Wolne | D4: {=IFERROR( IF( ISBLANK(INDEX(Zestawienie!B:B, MATCH(A4, Zestawienie!A:A, 0))), "", IF(C4="Wolne", IF( OR( ISBLANK(INDEX(Zestawienie!B:B, MATCH(A4, Zestawienie!A:A, 0))), NOT(ISNUMBER(INDEX(Zestawienie!B:B, MATCH(A4, Zestawienie!A:A, 0)))) ), "", TODAY()-INDEX(Zestawienie!B:B, MATCH(A4, Zestawienie!A:A, 0)) ), IF(OR(C4="Zajęte", C4="Spóźnione"), IF( ISBLANK( MAX( IF(ISNUMBER(INDEX(Zestawienie!C:C, 2*ROW()+1)), INDEX(Zestawienie!C:C, 2*ROW()+1), 0), IF(ISNUMBER(INDEX(Zestawienie!E:E, 2*ROW()+1)), INDEX(Zestawienie!E:E, 2*ROW()+1), 0), IF(ISNUMBER(INDEX(Zestawienie!G:G, 2*ROW()+1)), INDEX(Zestawienie!G:G, 2*ROW()+1), 0), IF(ISNUMBER(INDEX(Zestawienie!I:I, 2*ROW()+1)), INDEX(Zestawienie!I:I, 2*ROW()+1), 0), IF(ISNUMBER(INDEX(Zestawienie!K:K, 2*ROW()+1)), INDEX(Zestawienie!K:K, 2*ROW()+1), 0) ) ), "", IF(C4="Zajęte", TODAY()-MAX( IF(ISNUMBER(INDEX(Zestawienie!C:C, 2*ROW()+1)), INDEX(Zestawienie!C:C, 2*ROW()+1), 0), IF(ISNUMBER(INDEX(Zestawienie!E:E, 2*ROW()+1)), INDEX(Zestawienie!E:E, 2*ROW()+1), 0), IF(ISNUMBER(INDEX(Zestawienie!G:G, 2*ROW()+1)), INDEX(Zestawienie!G:G, 2*ROW()+1), 0), IF(ISNUMBER(INDEX(Zestawienie!I:I, 2*ROW()+1)), INDEX(Zestawienie!I:I, 2*ROW()+1), 0), IF(ISNUMBER(INDEX(Zestawienie!K:K, 2*ROW()+1)), INDEX(Zestawienie!K:K, 2*ROW()+1), 0) ), MAX(0, TODAY()-MAX( IF(ISNUMBER(INDEX(Zestawienie!C:C, 2*ROW()+1)), INDEX(Zestawienie!C:C, 2*ROW()+1), 0), IF(ISNUMBER(INDEX(Zestawienie!E:E, 2*ROW()+1)), INDEX(Zestawienie!E:E, 2*ROW()+1), 0), IF(ISNUMBER(INDEX(Zestawienie!G:G, 2*ROW()+1)), INDEX(Zestawienie!G:G, 2*ROW()+1), 0), IF(ISNUMBER(INDEX(Zestawienie!I:I, 2*ROW()+1)), INDEX(Zestawienie!I:I, 2*ROW()+1), 0), IF(ISNUMBER(INDEX(Zestawienie!K:K, 2*ROW()+1)), INDEX(Zestawienie!K:K, 2*ROW()+1), 0) )-120) ) ), "" ) ) ), "")} -> 197
A5: 4 | B5: =IFERROR(__xludf.DUMMYFUNCTION("IF( OR(C5=""Zajęte"", C5=""Spóźnione""), IFERROR( INDEX( FILTER( { INDEX(Zestawienie!K:K, ROW()*2); INDEX(Zestawienie!I:I, ROW()*2); INDEX(Zestawienie!G:G, ROW()*2); INDEX(Zestawienie!E:E, ROW("&")*2); INDEX(Zestawienie!C:C, ROW()*2) }, { INDEX(Zestawienie!K:K, ROW()*2)<>"""" ; INDEX(Zestawienie!I:I, ROW()*2)<>"""" ; INDEX(Zestawienie!G:G, ROW()*2)<>"""" ; INDEX(Zestawienie!E:E, ROW"&"()*2)<>"""" ; INDEX(Zestawienie!C:C, ROW()*2)<>"""" } ), 1 ), """" ), """" ) "),"") | C5: {=IF( OR( AND(NOT(ISBLANK(INDEX(Zestawienie!C:C,ROW()*2+1))), INDEX(Zestawienie!C:C,ROW()*2+1)<TODAY()-120, ISBLANK(INDEX(Zestawienie!D:D,ROW()*2+1))), AND(NOT(ISBLANK(INDEX(Zestawienie!E:E,ROW()*2+1))), INDEX(Zestawienie!E:E,ROW()*2+1)<TODAY()-120, ISBLANK(INDEX(Zestawienie!F:F,ROW()*2+1))), AND(NOT(ISBLANK(INDEX(Zestawienie!G:G,ROW()*2+1))), INDEX(Zestawienie!G:G,ROW()*2+1)<TODAY()-120, ISBLANK(INDEX(Zestawienie!H:H,ROW()*2+1))), AND(NOT(ISBLANK(INDEX(Zestawienie!I:I,ROW()*2+1))), INDEX(Zestawienie!I:I,ROW()*2+1)<TODAY()-120, ISBLANK(INDEX(Zestawienie!J:J,ROW()*2+1))), AND(NOT(ISBLANK(INDEX(Zestawienie!K:K,ROW()*2+1))), INDEX(Zestawienie!K:K,ROW()*2+1)<TODAY()-120, ISBLANK(INDEX(Zestawienie!L:L,ROW()*2+1))) ), "Spóźnione", IF( OR( AND(NOT(ISBLANK(INDEX(Zestawienie!C:C,ROW()*2+1))), ISBLANK(INDEX(Zestawienie!D:D,ROW()*2+1))), AND(NOT(ISBLANK(INDEX(Zestawienie!E:E,ROW()*2+1))), ISBLANK(INDEX(Zestawienie!F:F,ROW()*2+1))), AND(NOT(ISBLANK(INDEX(Zestawienie!G:G,ROW()*2+1))), ISBLANK(INDEX(Zestawienie!H:H,ROW()*2+1))), AND(NOT(ISBLANK(INDEX(Zestawienie!I:I,ROW()*2+1))), ISBLANK(INDEX(Zestawienie!J:J,ROW()*2+1))), AND(NOT(ISBLANK(INDEX(Zestawienie!K:K,ROW()*2+1))), ISBLANK(INDEX(Zestawienie!L:L,ROW()*2+1))) ), "Zajęte", "Wolne" ) )} -> Wolne | D5: {=IFERROR( IF( ISBLANK(INDEX(Zestawienie!B:B, MATCH(A5, Zestawienie!A:A, 0))), "", IF(C5="Wolne", IF( OR( ISBLANK(INDEX(Zestawienie!B:B, MATCH(A5, Zestawienie!A:A, 0))), NOT(ISNUMBER(INDEX(Zestawienie!B:B, MATCH(A5, Zestawienie!A:A, 0)))) ), "", TODAY()-INDEX(Zestawienie!B:B, MATCH(A5, Zestawienie!A:A, 0)) ), IF(OR(C5="Zajęte", C5="Spóźnione"), IF( ISBLANK( MAX( IF(ISNUMBER(INDEX(Zestawienie!C:C, 2*ROW()+1)), INDEX(Zestawienie!C:C, 2*ROW()+1), 0), IF(ISNUMBER(INDEX(Zestawienie!E:E, 2*ROW()+1)), INDEX(Zestawienie!E:E, 2*ROW()+1), 0), IF(ISNUMBER(INDEX(Zestawienie!G:G, 2*ROW()+1)), INDEX(Zestawienie!G:G, 2*ROW()+1), 0), IF(ISNUMBER(INDEX(Zestawienie!I:I, 2*ROW()+1)), INDEX(Zestawienie!I:I, 2*ROW()+1), 0), IF(ISNUMBER(INDEX(Zestawienie!K:K, 2*ROW()+1)), INDEX(Zestawienie!K:K, 2*ROW()+1), 0) ) ), "", IF(C5="Zajęte", TODAY()-MAX( IF(ISNUMBER(INDEX(Zestawienie!C:C, 2*ROW()+1)), INDEX(Zestawienie!C:C, 2*ROW()+1), 0), IF(ISNUMBER(INDEX(Zestawienie!E:E, 2*ROW()+1)), INDEX(Zestawienie!E:E, 2*ROW()+1), 0), IF(ISNUMBER(INDEX(Zestawienie!G:G, 2*ROW()+1)), INDEX(Zestawienie!G:G, 2*ROW()+1), 0), IF(ISNUMBER(INDEX(Zestawienie!I:I, 2*ROW()+1)), INDEX(Zestawienie!I:I, 2*ROW()+1), 0), IF(ISNUMBER(INDEX(Zestawienie!K:K, 2*ROW()+1)), INDEX(Zestawienie!K:K, 2*ROW()+1), 0) ), MAX(0, TODAY()-MAX( IF(ISNUMBER(INDEX(Zestawienie!C:C, 2*ROW()+1)), INDEX(Zestawienie!C:C, 2*ROW()+1), 0), IF(ISNUMBER(INDEX(Zestawienie!E:E, 2*ROW()+1)), INDEX(Zestawienie!E:E, 2*ROW()+1), 0), IF(ISNUMBER(INDEX(Zestawienie!G:G, 2*ROW()+1)), INDEX(Zestawienie!G:G, 2*ROW()+1), 0), IF(ISNUMBER(INDEX(Zestawienie!I:I, 2*ROW()+1)), INDEX(Zestawienie!I:I, 2*ROW()+1), 0), IF(ISNUMBER(INDEX(Zestawienie!K:K, 2*ROW()+1)), INDEX(Zestawienie!K:K, 2*ROW()+1), 0) )-120) ) ), "" ) ) ), "")} -> 58
A6: 5 | B6: =IFERROR(__xludf.DUMMYFUNCTION("IF( OR(C6=""Zajęte"", C6=""Spóźnione""), IFERROR( INDEX( FILTER( { INDEX(Zestawienie!K:K, ROW()*2); INDEX(Zestawienie!I:I, ROW()*2); INDEX(Zestawienie!G:G, ROW()*2); INDEX(Zestawienie!E:E, ROW("&")*2); INDEX(Zestawienie!C:C, ROW()*2) }, { INDEX(Zestawienie!K:K, ROW()*2)<>"""" ; INDEX(Zestawienie!I:I, ROW()*2)<>"""" ; INDEX(Zestawienie!G:G, ROW()*2)<>"""" ; INDEX(Zestawienie!E:E, ROW"&"()*2)<>"""" ; INDEX(Zestawienie!C:C, ROW()*2)<>"""" } ), 1 ), """" ), """" ) "),"") | C6: {=IF( OR( AND(NOT(ISBLANK(INDEX(Zestawienie!C:C,ROW()*2+1))), INDEX(Zestawienie!C:C,ROW()*2+1)<TODAY()-120, ISBLANK(INDEX(Zestawienie!D:D,ROW()*2+1))), AND(NOT(ISBLANK(INDEX(Zestawienie!E:E,ROW()*2+1))), INDEX(Zestawienie!E:E,ROW()*2+1)<TODAY()-120, ISBLANK(INDEX(Zestawienie!F:F,ROW()*2+1))), AND(NOT(ISBLANK(INDEX(Zestawienie!G:G,ROW()*2+1))), INDEX(Zestawienie!G:G,ROW()*2+1)<TODAY()-120, ISBLANK(INDEX(Zestawienie!H:H,ROW()*2+1))), AND(NOT(ISBLANK(INDEX(Zestawienie!I:I,ROW()*2+1))), INDEX(Zestawienie!I:I,ROW()*2+1)<TODAY()-120, ISBLANK(INDEX(Zestawienie!J:J,ROW()*2+1))), AND(NOT(ISBLANK(INDEX(Zestawienie!K:K,ROW()*2+1))), INDEX(Zestawienie!K:K,ROW()*2+1)<TODAY()-120, ISBLANK(INDEX(Zestawienie!L:L,ROW()*2+1))) ), "Spóźnione", IF( OR( AND(NOT(ISBLANK(INDEX(Zestawienie!C:C,ROW()*2+1))), ISBLANK(INDEX(Zestawienie!D:D,ROW()*2+1))), AND(NOT(ISBLANK(INDEX(Zestawienie!E:E,ROW()*2+1))), ISBLANK(INDEX(Zestawienie!F:F,ROW()*2+1))), AND(NOT(ISBLANK(INDEX(Zestawienie!G:G,ROW()*2+1))), ISBLANK(INDEX(Zestawienie!H:H,ROW()*2+1))), AND(NOT(ISBLANK(INDEX(Zestawienie!I:I,ROW()*2+1))), ISBLANK(INDEX(Zestawienie!J:J,ROW()*2+1))), AND(NOT(ISBLANK(INDEX(Zestawienie!K:K,ROW()*2+1))), ISBLANK(INDEX(Zestawienie!L:L,ROW()*2+1))) ), "Zajęte", "Wolne" ) )} -> Wolne | D6: {=IFERROR( IF( ISBLANK(INDEX(Zestawienie!B:B, MATCH(A6, Zestawienie!A:A, 0))), "", IF(C6="Wolne", IF( OR( ISBLANK(INDEX(Zestawienie!B:B, MATCH(A6, Zestawienie!A:A, 0))), NOT(ISNUMBER(INDEX(Zestawienie!B:B, MATCH(A6, Zestawienie!A:A, 0)))) ), "", TODAY()-INDEX(Zestawienie!B:B, MATCH(A6, Zestawienie!A:A, 0)) ), IF(OR(C6="Zajęte", C6="Spóźnione"), IF( ISBLANK( MAX( IF(ISNUMBER(INDEX(Zestawienie!C:C, 2*ROW()+1)), INDEX(Zestawienie!C:C, 2*ROW()+1), 0), IF(ISNUMBER(INDEX(Zestawienie!E:E, 2*ROW()+1)), INDEX(Zestawienie!E:E, 2*ROW()+1), 0), IF(ISNUMBER(INDEX(Zestawienie!G:G, 2*ROW()+1)), INDEX(Zestawienie!G:G, 2*ROW()+1), 0), IF(ISNUMBER(INDEX(Zestawienie!I:I, 2*ROW()+1)), INDEX(Zestawienie!I:I, 2*ROW()+1), 0), IF(ISNUMBER(INDEX(Zestawienie!K:K, 2*ROW()+1)), INDEX(Zestawienie!K:K, 2*ROW()+1), 0) ) ), "", IF(C6="Zajęte", TODAY()-MAX( IF(ISNUMBER(INDEX(Zestawienie!C:C, 2*ROW()+1)), INDEX(Zestawienie!C:C, 2*ROW()+1), 0), IF(ISNUMBER(INDEX(Zestawienie!E:E, 2*ROW()+1)), INDEX(Zestawienie!E:E, 2*ROW()+1), 0), IF(ISNUMBER(INDEX(Zestawienie!G:G, 2*ROW()+1)), INDEX(Zestawienie!G:G, 2*ROW()+1), 0), IF(ISNUMBER(INDEX(Zestawienie!I:I, 2*ROW()+1)), INDEX(Zestawienie!I:I, 2*ROW()+1), 0), IF(ISNUMBER(INDEX(Zestawienie!K:K, 2*ROW()+1)), INDEX(Zestawienie!K:K, 2*ROW()+1), 0) ), MAX(0, TODAY()-MAX( IF(ISNUMBER(INDEX(Zestawienie!C:C, 2*ROW()+1)), INDEX(Zestawienie!C:C, 2*ROW()+1), 0), IF(ISNUMBER(INDEX(Zestawienie!E:E, 2*ROW()+1)), INDEX(Zestawienie!E:E, 2*ROW()+1), 0), IF(ISNUMBER(INDEX(Zestawienie!G:G, 2*ROW()+1)), INDEX(Zestawienie!G:G, 2*ROW()+1), 0), IF(ISNUMBER(INDEX(Zestawienie!I:I, 2*ROW()+1)), INDEX(Zestawienie!I:I, 2*ROW()+1), 0), IF(ISNUMBER(INDEX(Zestawienie!K:K, 2*ROW()+1)), INDEX(Zestawienie!K:K, 2*ROW()+1), 0) )-120) ) ), "" ) ) ), "")} -> 198
A7: 6 | B7: =IFERROR(__xludf.DUMMYFUNCTION("IF( OR(C7=""Zajęte"", C7=""Spóźnione""), IFERROR( INDEX( FILTER( { INDEX(Zestawienie!K:K, ROW()*2); INDEX(Zestawienie!I:I, ROW()*2); INDEX(Zestawienie!G:G, ROW()*2); INDEX(Zestawienie!E:E, ROW("&")*2); INDEX(Zestawienie!C:C, ROW()*2) }, { INDEX(Zestawienie!K:K, ROW()*2)<>"""" ; INDEX(Zestawienie!I:I, ROW()*2)<>"""" ; INDEX(Zestawienie!G:G, ROW()*2)<>"""" ; INDEX(Zestawienie!E:E, ROW"&"()*2)<>"""" ; INDEX(Zestawienie!C:C, ROW()*2)<>"""" } ), 1 ), """" ), """" ) "),"") | C7: {=IF( OR( AND(NOT(ISBLANK(INDEX(Zestawienie!C:C,ROW()*2+1))), INDEX(Zestawienie!C:C,ROW()*2+1)<TODAY()-120, ISBLANK(INDEX(Zestawienie!D:D,ROW()*2+1))), AND(NOT(ISBLANK(INDEX(Zestawienie!E:E,ROW()*2+1))), INDEX(Zestawienie!E:E,ROW()*2+1)<TODAY()-120, ISBLANK(INDEX(Zestawienie!F:F,ROW()*2+1))), AND(NOT(ISBLANK(INDEX(Zestawienie!G:G,ROW()*2+1))), INDEX(Zestawienie!G:G,ROW()*2+1)<TODAY()-120, ISBLANK(INDEX(Zestawienie!H:H,ROW()*2+1))), AND(NOT(ISBLANK(INDEX(Zestawienie!I:I,ROW()*2+1))), INDEX(Zestawienie!I:I,ROW()*2+1)<TODAY()-120, ISBLANK(INDEX(Zestawienie!J:J,ROW()*2+1))), AND(NOT(ISBLANK(INDEX(Zestawienie!K:K,ROW()*2+1))), INDEX(Zestawienie!K:K,ROW()*2+1)<TODAY()-120, ISBLANK(INDEX(Zestawienie!L:L,ROW()*2+1))) ), "Spóźnione", IF( OR( AND(NOT(ISBLANK(INDEX(Zestawienie!C:C,ROW()*2+1))), ISBLANK(INDEX(Zestawienie!D:D,ROW()*2+1))), AND(NOT(ISBLANK(INDEX(Zestawienie!E:E,ROW()*2+1))), ISBLANK(INDEX(Zestawienie!F:F,ROW()*2+1))), AND(NOT(ISBLANK(INDEX(Zestawienie!G:G,ROW()*2+1))), ISBLANK(INDEX(Zestawienie!H:H,ROW()*2+1))), AND(NOT(ISBLANK(INDEX(Zestawienie!I:I,ROW()*2+1))), ISBLANK(INDEX(Zestawienie!J:J,ROW()*2+1))), AND(NOT(ISBLANK(INDEX(Zestawienie!K:K,ROW()*2+1))), ISBLANK(INDEX(Zestawienie!L:L,ROW()*2+1))) ), "Zajęte", "Wolne" ) )} -> Wolne | D7: {=IFERROR( IF( ISBLANK(INDEX(Zestawienie!B:B, MATCH(A7, Zestawienie!A:A, 0))), "", IF(C7="Wolne", IF( OR( ISBLANK(INDEX(Zestawienie!B:B, MATCH(A7, Zestawienie!A:A, 0))), NOT(ISNUMBER(INDEX(Zestawienie!B:B, MATCH(A7, Zestawienie!A:A, 0)))) ), "", TODAY()-INDEX(Zestawienie!B:B, MATCH(A7, Zestawienie!A:A, 0)) ), IF(OR(C7="Zajęte", C7="Spóźnione"), IF( ISBLANK( MAX( IF(ISNUMBER(INDEX(Zestawienie!C:C, 2*ROW()+1)), INDEX(Zestawienie!C:C, 2*ROW()+1), 0), IF(ISNUMBER(INDEX(Zestawienie!E:E, 2*ROW()+1)), INDEX(Zestawienie!E:E, 2*ROW()+1), 0), IF(ISNUMBER(INDEX(Zestawienie!G:G, 2*ROW()+1)), INDEX(Zestawienie!G:G, 2*ROW()+1), 0), IF(ISNUMBER(INDEX(Zestawienie!I:I, 2*ROW()+1)), INDEX(Zestawienie!I:I, 2*ROW()+1), 0), IF(ISNUMBER(INDEX(Zestawienie!K:K, 2*ROW()+1)), INDEX(Zestawienie!K:K, 2*ROW()+1), 0) ) ), "", IF(C7="Zajęte", TODAY()-MAX( IF(ISNUMBER(INDEX(Zestawienie!C:C, 2*ROW()+1)), INDEX(Zestawienie!C:C, 2*ROW()+1), 0), IF(ISNUMBER(INDEX(Zestawienie!E:E, 2*ROW()+1)), INDEX(Zestawienie!E:E, 2*ROW()+1), 0), IF(ISNUMBER(INDEX(Zestawienie!G:G, 2*ROW()+1)), INDEX(Zestawienie!G:G, 2*ROW()+1), 0), IF(ISNUMBER(INDEX(Zestawienie!I:I, 2*ROW()+1)), INDEX(Zestawienie!I:I, 2*ROW()+1), 0), IF(ISNUMBER(INDEX(Zestawienie!K:K, 2*ROW()+1)), INDEX(Zestawienie!K:K, 2*ROW()+1), 0) ), MAX(0, TODAY()-MAX( IF(ISNUMBER(INDEX(Zestawienie!C:C, 2*ROW()+1)), INDEX(Zestawienie!C:C, 2*ROW()+1), 0), IF(ISNUMBER(INDEX(Zestawienie!E:E, 2*ROW()+1)), INDEX(Zestawienie!E:E, 2*ROW()+1), 0), IF(ISNUMBER(INDEX(Zestawienie!G:G, 2*ROW()+1)), INDEX(Zestawienie!G:G, 2*ROW()+1), 0), IF(ISNUMBER(INDEX(Zestawienie!I:I, 2*ROW()+1)), INDEX(Zestawienie!I:I, 2*ROW()+1), 0), IF(ISNUMBER(INDEX(Zestawienie!K:K, 2*ROW()+1)), INDEX(Zestawienie!K:K, 2*ROW()+1), 0) )-120) ) ), "" ) ) ), "")} -> 288
A8: 7 | B8: =IFERROR(__xludf.DUMMYFUNCTION("IF( OR(C8=""Zajęte"", C8=""Spóźnione""), IFERROR( INDEX( FILTER( { INDEX(Zestawienie!K:K, ROW()*2); INDEX(Zestawienie!I:I, ROW()*2); INDEX(Zestawienie!G:G, ROW()*2); INDEX(Zestawienie!E:E, ROW("&")*2); INDEX(Zestawienie!C:C, ROW()*2) }, { INDEX(Zestawienie!K:K, ROW()*2)<>"""" ; INDEX(Zestawienie!I:I, ROW()*2)<>"""" ; INDEX(Zestawienie!G:G, ROW()*2)<>"""" ; INDEX(Zestawienie!E:E, ROW"&"()*2)<>"""" ; INDEX(Zestawienie!C:C, ROW()*2)<>"""" } ), 1 ), """" ), """" ) "),"") | C8: {=IF( OR( AND(NOT(ISBLANK(INDEX(Zestawienie!C:C,ROW()*2+1))), INDEX(Zestawienie!C:C,ROW()*2+1)<TODAY()-120, ISBLANK(INDEX(Zestawienie!D:D,ROW()*2+1))), AND(NOT(ISBLANK(INDEX(Zestawienie!E:E,ROW()*2+1))), INDEX(Zestawienie!E:E,ROW()*2+1)<TODAY()-120, ISBLANK(INDEX(Zestawienie!F:F,ROW()*2+1))), AND(NOT(ISBLANK(INDEX(Zestawienie!G:G,ROW()*2+1))), INDEX(Zestawienie!G:G,ROW()*2+1)<TODAY()-120, ISBLANK(INDEX(Zestawienie!H:H,ROW()*2+1))), AND(NOT(ISBLANK(INDEX(Zestawienie!I:I,ROW()*2+1))), INDEX(Zestawienie!I:I,ROW()*2+1)<TODAY()-120, ISBLANK(INDEX(Zestawienie!J:J,ROW()*2+1))), AND(NOT(ISBLANK(INDEX(Zestawienie!K:K,ROW()*2+1))), INDEX(Zestawienie!K:K,ROW()*2+1)<TODAY()-120, ISBLANK(INDEX(Zestawienie!L:L,ROW()*2+1))) ), "Spóźnione", IF( OR( AND(NOT(ISBLANK(INDEX(Zestawienie!C:C,ROW()*2+1))), ISBLANK(INDEX(Zestawienie!D:D,ROW()*2+1))), AND(NOT(ISBLANK(INDEX(Zestawienie!E:E,ROW()*2+1))), ISBLANK(INDEX(Zestawienie!F:F,ROW()*2+1))), AND(NOT(ISBLANK(INDEX(Zestawienie!G:G,ROW()*2+1))), ISBLANK(INDEX(Zestawienie!H:H,ROW()*2+1))), AND(NOT(ISBLANK(INDEX(Zestawienie!I:I,ROW()*2+1))), ISBLANK(INDEX(Zestawienie!J:J,ROW()*2+1))), AND(NOT(ISBLANK(INDEX(Zestawienie!K:K,ROW()*2+1))), ISBLANK(INDEX(Zestawienie!L:L,ROW()*2+1))) ), "Zajęte", "Wolne" ) )} -> Wolne | D8: {=IFERROR( IF( ISBLANK(INDEX(Zestawienie!B:B, MATCH(A8, Zestawienie!A:A, 0))), "", IF(C8="Wolne", IF( OR( ISBLANK(INDEX(Zestawienie!B:B, MATCH(A8, Zestawienie!A:A, 0))), NOT(ISNUMBER(INDEX(Zestawienie!B:B, MATCH(A8, Zestawienie!A:A, 0)))) ), "", TODAY()-INDEX(Zestawienie!B:B, MATCH(A8, Zestawienie!A:A, 0)) ), IF(OR(C8="Zajęte", C8="Spóźnione"), IF( ISBLANK( MAX( IF(ISNUMBER(INDEX(Zestawienie!C:C, 2*ROW()+1)), INDEX(Zestawienie!C:C, 2*ROW()+1), 0), IF(ISNUMBER(INDEX(Zestawienie!E:E, 2*ROW()+1)), INDEX(Zestawienie!E:E, 2*ROW()+1), 0), IF(ISNUMBER(INDEX(Zestawienie!G:G, 2*ROW()+1)), INDEX(Zestawienie!G:G, 2*ROW()+1), 0), IF(ISNUMBER(INDEX(Zestawienie!I:I, 2*ROW()+1)), INDEX(Zestawienie!I:I, 2*ROW()+1), 0), IF(ISNUMBER(INDEX(Zestawienie!K:K, 2*ROW()+1)), INDEX(Zestawienie!K:K, 2*ROW()+1), 0) ) ), "", IF(C8="Zajęte", TODAY()-MAX( IF(ISNUMBER(INDEX(Zestawienie!C:C, 2*ROW()+1)), INDEX(Zestawienie!C:C, 2*ROW()+1), 0), IF(ISNUMBER(INDEX(Zestawienie!E:E, 2*ROW()+1)), INDEX(Zestawienie!E:E, 2*ROW()+1), 0), IF(ISNUMBER(INDEX(Zestawienie!G:G, 2*ROW()+1)), INDEX(Zestawienie!G:G, 2*ROW()+1), 0), IF(ISNUMBER(INDEX(Zestawienie!I:I, 2*ROW()+1)), INDEX(Zestawienie!I:I, 2*ROW()+1), 0), IF(ISNUMBER(INDEX(Zestawienie!K:K, 2*ROW()+1)), INDEX(Zestawienie!K:K, 2*ROW()+1), 0) ), MAX(0, TODAY()-MAX( IF(ISNUMBER(INDEX(Zestawienie!C:C, 2*ROW()+1)), INDEX(Zestawienie!C:C, 2*ROW()+1), 0), IF(ISNUMBER(INDEX(Zestawienie!E:E, 2*ROW()+1)), INDEX(Zestawienie!E:E, 2*ROW()+1), 0), IF(ISNUMBER(INDEX(Zestawienie!G:G, 2*ROW()+1)), INDEX(Zestawienie!G:G, 2*ROW()+1), 0), IF(ISNUMBER(INDEX(Zestawienie!I:I, 2*ROW()+1)), INDEX(Zestawienie!I:I, 2*ROW()+1), 0), IF(ISNUMBER(INDEX(Zestawienie!K:K, 2*ROW()+1)), INDEX(Zestawienie!K:K, 2*ROW()+1), 0) )-120) ) ), "" ) ) ), "")} -> 158
A9: 8 | B9: =IFERROR(__xludf.DUMMYFUNCTION("IF( OR(C9=""Zajęte"", C9=""Spóźnione""), IFERROR( INDEX( FILTER( { INDEX(Zestawienie!K:K, ROW()*2); INDEX(Zestawienie!I:I, ROW()*2); INDEX(Zestawienie!G:G, ROW()*2); INDEX(Zestawienie!E:E, ROW("&")*2); INDEX(Zestawienie!C:C, ROW()*2) }, { INDEX(Zestawienie!K:K, ROW()*2)<>"""" ; INDEX(Zestawienie!I:I, ROW()*2)<>"""" ; INDEX(Zestawienie!G:G, ROW()*2)<>"""" ; INDEX(Zestawienie!E:E, ROW"&"()*2)<>"""" ; INDEX(Zestawienie!C:C, ROW()*2)<>"""" } ), 1 ), """" ), """" ) "),"") | C9: {=IF( OR( AND(NOT(ISBLANK(INDEX(Zestawienie!C:C,ROW()*2+1))), INDEX(Zestawienie!C:C,ROW()*2+1)<TODAY()-120, ISBLANK(INDEX(Zestawienie!D:D,ROW()*2+1))), AND(NOT(ISBLANK(INDEX(Zestawienie!E:E,ROW()*2+1))), INDEX(Zestawienie!E:E,ROW()*2+1)<TODAY()-120, ISBLANK(INDEX(Zestawienie!F:F,ROW()*2+1))), AND(NOT(ISBLANK(INDEX(Zestawienie!G:G,ROW()*2+1))), INDEX(Zestawienie!G:G,ROW()*2+1)<TODAY()-120, ISBLANK(INDEX(Zestawienie!H:H,ROW()*2+1))), AND(NOT(ISBLANK(INDEX(Zestawienie!I:I,ROW()*2+1))), INDEX(Zestawienie!I:I,ROW()*2+1)<TODAY()-120, ISBLANK(INDEX(Zestawienie!J:J,ROW()*2+1))), AND(NOT(ISBLANK(INDEX(Zestawienie!K:K,ROW()*2+1))), INDEX(Zestawienie!K:K,ROW()*2+1)<TODAY()-120, ISBLANK(INDEX(Zestawienie!L:L,ROW()*2+1))) ), "Spóźnione", IF( OR( AND(NOT(ISBLANK(INDEX(Zestawienie!C:C,ROW()*2+1))), ISBLANK(INDEX(Zestawienie!D:D,ROW()*2+1))), AND(NOT(ISBLANK(INDEX(Zestawienie!E:E,ROW()*2+1))), ISBLANK(INDEX(Zestawienie!F:F,ROW()*2+1))), AND(NOT(ISBLANK(INDEX(Zestawienie!G:G,ROW()*2+1))), ISBLANK(INDEX(Zestawienie!H:H,ROW()*2+1))), AND(NOT(ISBLANK(INDEX(Zestawienie!I:I,ROW()*2+1))), ISBLANK(INDEX(Zestawienie!J:J,ROW()*2+1))), AND(NOT(ISBLANK(INDEX(Zestawienie!K:K,ROW()*2+1))), ISBLANK(INDEX(Zestawienie!L:L,ROW()*2+1))) ), "Zajęte", "Wolne" ) )} -> Wolne | D9: {=IFERROR( IF( ISBLANK(INDEX(Zestawienie!B:B, MATCH(A9, Zestawienie!A:A, 0))), "", IF(C9="Wolne", IF( OR( ISBLANK(INDEX(Zestawienie!B:B, MATCH(A9, Zestawienie!A:A, 0))), NOT(ISNUMBER(INDEX(Zestawienie!B:B, MATCH(A9, Zestawienie!A:A, 0)))) ), "", TODAY()-INDEX(Zestawienie!B:B, MATCH(A9, Zestawienie!A:A, 0)) ), IF(OR(C9="Zajęte", C9="Spóźnione"), IF( ISBLANK( MAX( IF(ISNUMBER(INDEX(Zestawienie!C:C, 2*ROW()+1)), INDEX(Zestawienie!C:C, 2*ROW()+1), 0), IF(ISNUMBER(INDEX(Zestawienie!E:E, 2*ROW()+1)), INDEX(Zestawienie!E:E, 2*ROW()+1), 0), IF(ISNUMBER(INDEX(Zestawienie!G:G, 2*ROW()+1)), INDEX(Zestawienie!G:G, 2*ROW()+1), 0), IF(ISNUMBER(INDEX(Zestawienie!I:I, 2*ROW()+1)), INDEX(Zestawienie!I:I, 2*ROW()+1), 0), IF(ISNUMBER(INDEX(Zestawienie!K:K, 2*ROW()+1)), INDEX(Zestawienie!K:K, 2*ROW()+1), 0) ) ), "", IF(C9="Zajęte", TODAY()-MAX( IF(ISNUMBER(INDEX(Zestawienie!C:C, 2*ROW()+1)), INDEX(Zestawienie!C:C, 2*ROW()+1), 0), IF(ISNUMBER(INDEX(Zestawienie!E:E, 2*ROW()+1)), INDEX(Zestawienie!E:E, 2*ROW()+1), 0), IF(ISNUMBER(INDEX(Zestawienie!G:G, 2*ROW()+1)), INDEX(Zestawienie!G:G, 2*ROW()+1), 0), IF(ISNUMBER(INDEX(Zestawienie!I:I, 2*ROW()+1)), INDEX(Zestawienie!I:I, 2*ROW()+1), 0), IF(ISNUMBER(INDEX(Zestawienie!K:K, 2*ROW()+1)), INDEX(Zestawienie!K:K, 2*ROW()+1), 0) ), MAX(0, TODAY()-MAX( IF(ISNUMBER(INDEX(Zestawienie!C:C, 2*ROW()+1)), INDEX(Zestawienie!C:C, 2*ROW()+1), 0), IF(ISNUMBER(INDEX(Zestawienie!E:E, 2*ROW()+1)), INDEX(Zestawienie!E:E, 2*ROW()+1), 0), IF(ISNUMBER(INDEX(Zestawienie!G:G, 2*ROW()+1)), INDEX(Zestawienie!G:G, 2*ROW()+1), 0), IF(ISNUMBER(INDEX(Zestawienie!I:I, 2*ROW()+1)), INDEX(Zestawienie!I:I, 2*ROW()+1), 0), IF(ISNUMBER(INDEX(Zestawienie!K:K, 2*ROW()+1)), INDEX(Zestawienie!K:K, 2*ROW()+1), 0) )-120) ) ), "" ) ) ), "")} -> 255
A10: 9 | B10: =IFERROR(__xludf.DUMMYFUNCTION("IF( OR(C10=""Zajęte"", C10=""Spóźnione""), IFERROR( INDEX( FILTER( { INDEX(Zestawienie!K:K, ROW()*2); INDEX(Zestawienie!I:I, ROW()*2); INDEX(Zestawienie!G:G, ROW()*2); INDEX(Zestawienie!E:E, RO"&"W()*2); INDEX(Zestawienie!C:C, ROW()*2) }, { INDEX(Zestawienie!K:K, ROW()*2)<>"""" ; INDEX(Zestawienie!I:I, ROW()*2)<>"""" ; INDEX(Zestawienie!G:G, ROW()*2)<>"""" ; INDEX(Zestawienie!E:E, R"&"OW()*2)<>"""" ; INDEX(Zestawienie!C:C, ROW()*2)<>"""" } ), 1 ), """" ), """" ) "),"") | C10: {=IF( OR( AND(NOT(ISBLANK(INDEX(Zestawienie!C:C,ROW()*2+1))), INDEX(Zestawienie!C:C,ROW()*2+1)<TODAY()-120, ISBLANK(INDEX(Zestawienie!D:D,ROW()*2+1))), AND(NOT(ISBLANK(INDEX(Zestawienie!E:E,ROW()*2+1))), INDEX(Zestawienie!E:E,ROW()*2+1)<TODAY()-120, ISBLANK(INDEX(Zestawienie!F:F,ROW()*2+1))), AND(NOT(ISBLANK(INDEX(Zestawienie!G:G,ROW()*2+1))), INDEX(Zestawienie!G:G,ROW()*2+1)<TODAY()-120, ISBLANK(INDEX(Zestawienie!H:H,ROW()*2+1))), AND(NOT(ISBLANK(INDEX(Zestawienie!I:I,ROW()*2+1))), INDEX(Zestawienie!I:I,ROW()*2+1)<TODAY()-120, ISBLANK(INDEX(Zestawienie!J:J,ROW()*2+1))), AND(NOT(ISBLANK(INDEX(Zestawienie!K:K,ROW()*2+1))), INDEX(Zestawienie!K:K,ROW()*2+1)<TODAY()-120, ISBLANK(INDEX(Zestawienie!L:L,ROW()*2+1))) ), "Spóźnione", IF( OR( AND(NOT(ISBLANK(INDEX(Zestawienie!C:C,ROW()*2+1))), ISBLANK(INDEX(Zestawienie!D:D,ROW()*2+1))), AND(NOT(ISBLANK(INDEX(Zestawienie!E:E,ROW()*2+1))), ISBLANK(INDEX(Zestawienie!F:F,ROW()*2+1))), AND(NOT(ISBLANK(INDEX(Zestawienie!G:G,ROW()*2+1))), ISBLANK(INDEX(Zestawienie!H:H,ROW()*2+1))), AND(NOT(ISBLANK(INDEX(Zestawienie!I:I,ROW()*2+1))), ISBLANK(INDEX(Zestawienie!J:J,ROW()*2+1))), AND(NOT(ISBLANK(INDEX(Zestawienie!K:K,ROW()*2+1))), ISBLANK(INDEX(Zestawienie!L:L,ROW()*2+1))) ), "Zajęte", "Wolne" ) )} -> Wolne | D10: {=IFERROR( IF( ISBLANK(INDEX(Zestawienie!B:B, MATCH(A10, Zestawienie!A:A, 0))), "", IF(C10="Wolne", IF( OR( ISBLANK(INDEX(Zestawienie!B:B, MATCH(A10, Zestawienie!A:A, 0))), NOT(ISNUMBER(INDEX(Zestawienie!B:B, MATCH(A10, Zestawienie!A:A, 0)))) ), "", TODAY()-INDEX(Zestawienie!B:B, MATCH(A10, Zestawienie!A:A, 0)) ), IF(OR(C10="Zajęte", C10="Spóźnione"), IF( ISBLANK( MAX( IF(ISNUMBER(INDEX(Zestawienie!C:C, 2*ROW()+1)), INDEX(Zestawienie!C:C, 2*ROW()+1), 0), IF(ISNUMBER(INDEX(Zestawienie!E:E, 2*ROW()+1)), INDEX(Zestawienie!E:E, 2*ROW()+1), 0), IF(ISNUMBER(INDEX(Zestawienie!G:G, 2*ROW()+1)), INDEX(Zestawienie!G:G, 2*ROW()+1), 0), IF(ISNUMBER(INDEX(Zestawienie!I:I, 2*ROW()+1)), INDEX(Zestawienie!I:I, 2*ROW()+1), 0), IF(ISNUMBER(INDEX(Zestawienie!K:K, 2*ROW()+1)), INDEX(Zestawienie!K:K, 2*ROW()+1), 0) ) ), "", IF(C10="Zajęte", TODAY()-MAX( IF(ISNUMBER(INDEX(Zestawienie!C:C, 2*ROW()+1)), INDEX(Zestawienie!C:C, 2*ROW()+1), 0), IF(ISNUMBER(INDEX(Zestawienie!E:E, 2*ROW()+1)), INDEX(Zestawienie!E:E, 2*ROW()+1), 0), IF(ISNUMBER(INDEX(Zestawienie!G:G, 2*ROW()+1)), INDEX(Zestawienie!G:G, 2*ROW()+1), 0), IF(ISNUMBER(INDEX(Zestawienie!I:I, 2*ROW()+1)), INDEX(Zestawienie!I:I, 2*ROW()+1), 0), IF(ISNUMBER(INDEX(Zestawienie!K:K, 2*ROW()+1)), INDEX(Zestawienie!K:K, 2*ROW()+1), 0) ), MAX(0, TODAY()-MAX( IF(ISNUMBER(INDEX(Zestawienie!C:C, 2*ROW()+1)), INDEX(Zestawienie!C:C, 2*ROW()+1), 0), IF(ISNUMBER(INDEX(Zestawienie!E:E, 2*ROW()+1)), INDEX(Zestawienie!E:E, 2*ROW()+1), 0), IF(ISNUMBER(INDEX(Zestawienie!G:G, 2*ROW()+1)), INDEX(Zestawienie!G:G, 2*ROW()+1), 0), IF(ISNUMBER(INDEX(Zestawienie!I:I, 2*ROW()+1)), INDEX(Zestawienie!I:I, 2*ROW()+1), 0), IF(ISNUMBER(INDEX(Zestawienie!K:K, 2*ROW()+1)), INDEX(Zestawienie!K:K, 2*ROW()+1), 0) )-120) ) ), "" ) ) ), "")} -> 95
A11: 10 | B11: =IFERROR(__xludf.DUMMYFUNCTION("IF( OR(C11=""Zajęte"", C11=""Spóźnione""), IFERROR( INDEX( FILTER( { INDEX(Zestawienie!K:K, ROW()*2); INDEX(Zestawienie!I:I, ROW()*2); INDEX(Zestawienie!G:G, ROW()*2); INDEX(Zestawienie!E:E, RO"&"W()*2); INDEX(Zestawienie!C:C, ROW()*2) }, { INDEX(Zestawienie!K:K, ROW()*2)<>"""" ; INDEX(Zestawienie!I:I, ROW()*2)<>"""" ; INDEX(Zestawienie!G:G, ROW()*2)<>"""" ; INDEX(Zestawienie!E:E, R"&"OW()*2)<>"""" ; INDEX(Zestawienie!C:C, ROW()*2)<>"""" } ), 1 ), """" ), """" ) "),"") | C11: {=IF( OR( AND(NOT(ISBLANK(INDEX(Zestawienie!C:C,ROW()*2+1))), INDEX(Zestawienie!C:C,ROW()*2+1)<TODAY()-120, ISBLANK(INDEX(Zestawienie!D:D,ROW()*2+1))), AND(NOT(ISBLANK(INDEX(Zestawienie!E:E,ROW()*2+1))), INDEX(Zestawienie!E:E,ROW()*2+1)<TODAY()-120, ISBLANK(INDEX(Zestawienie!F:F,ROW()*2+1))), AND(NOT(ISBLANK(INDEX(Zestawienie!G:G,ROW()*2+1))), INDEX(Zestawienie!G:G,ROW()*2+1)<TODAY()-120, ISBLANK(INDEX(Zestawienie!H:H,ROW()*2+1))), AND(NOT(ISBLANK(INDEX(Zestawienie!I:I,ROW()*2+1))), INDEX(Zestawienie!I:I,ROW()*2+1)<TODAY()-120, ISBLANK(INDEX(Zestawienie!J:J,ROW()*2+1))), AND(NOT(ISBLANK(INDEX(Zestawienie!K:K,ROW()*2+1))), INDEX(Zestawienie!K:K,ROW()*2+1)<TODAY()-120, ISBLANK(INDEX(Zestawienie!L:L,ROW()*2+1))) ), "Spóźnione", IF( OR( AND(NOT(ISBLANK(INDEX(Zestawienie!C:C,ROW()*2+1))), ISBLANK(INDEX(Zestawienie!D:D,ROW()*2+1))), AND(NOT(ISBLANK(INDEX(Zestawienie!E:E,ROW()*2+1))), ISBLANK(INDEX(Zestawienie!F:F,ROW()*2+1))), AND(NOT(ISBLANK(INDEX(Zestawienie!G:G,ROW()*2+1))), ISBLANK(INDEX(Zestawienie!H:H,ROW()*2+1))), AND(NOT(ISBLANK(INDEX(Zestawienie!I:I,ROW()*2+1))), ISBLANK(INDEX(Zestawienie!J:J,ROW()*2+1))), AND(NOT(ISBLANK(INDEX(Zestawienie!K:K,ROW()*2+1))), ISBLANK(INDEX(Zestawienie!L:L,ROW()*2+1))) ), "Zajęte", "Wolne" ) )} -> Wolne | D11: {=IFERROR( IF( ISBLANK(INDEX(Zestawienie!B:B, MATCH(A11, Zestawienie!A:A, 0))), "", IF(C11="Wolne", IF( OR( ISBLANK(INDEX(Zestawienie!B:B, MATCH(A11, Zestawienie!A:A, 0))), NOT(ISNUMBER(INDEX(Zestawienie!B:B, MATCH(A11, Zestawienie!A:A, 0)))) ), "", TODAY()-INDEX(Zestawienie!B:B, MATCH(A11, Zestawienie!A:A, 0)) ), IF(OR(C11="Zajęte", C11="Spóźnione"), IF( ISBLANK( MAX( IF(ISNUMBER(INDEX(Zestawienie!C:C, 2*ROW()+1)), INDEX(Zestawienie!C:C, 2*ROW()+1), 0), IF(ISNUMBER(INDEX(Zestawienie!E:E, 2*ROW()+1)), INDEX(Zestawienie!E:E, 2*ROW()+1), 0), IF(ISNUMBER(INDEX(Zestawienie!G:G, 2*ROW()+1)), INDEX(Zestawienie!G:G, 2*ROW()+1), 0), IF(ISNUMBER(INDEX(Zestawienie!I:I, 2*ROW()+1)), INDEX(Zestawienie!I:I, 2*ROW()+1), 0), IF(ISNUMBER(INDEX(Zestawienie!K:K, 2*ROW()+1)), INDEX(Zestawienie!K:K, 2*ROW()+1), 0) ) ), "", IF(C11="Zajęte", TODAY()-MAX( IF(ISNUMBER(INDEX(Zestawienie!C:C, 2*ROW()+1)), INDEX(Zestawienie!C:C, 2*ROW()+1), 0), IF(ISNUMBER(INDEX(Zestawienie!E:E, 2*ROW()+1)), INDEX(Zestawienie!E:E, 2*ROW()+1), 0), IF(ISNUMBER(INDEX(Zestawienie!G:G, 2*ROW()+1)), INDEX(Zestawienie!G:G, 2*ROW()+1), 0), IF(ISNUMBER(INDEX(Zestawienie!I:I, 2*ROW()+1)), INDEX(Zestawienie!I:I, 2*ROW()+1), 0), IF(ISNUMBER(INDEX(Zestawienie!K:K, 2*ROW()+1)), INDEX(Zestawienie!K:K, 2*ROW()+1), 0) ), MAX(0, TODAY()-MAX( IF(ISNUMBER(INDEX(Zestawienie!C:C, 2*ROW()+1)), INDEX(Zestawienie!C:C, 2*ROW()+1), 0), IF(ISNUMBER(INDEX(Zestawienie!E:E, 2*ROW()+1)), INDEX(Zestawienie!E:E, 2*ROW()+1), 0), IF(ISNUMBER(INDEX(Zestawienie!G:G, 2*ROW()+1)), INDEX(Zestawienie!G:G, 2*ROW()+1), 0), IF(ISNUMBER(INDEX(Zestawienie!I:I, 2*ROW()+1)), INDEX(Zestawienie!I:I, 2*ROW()+1), 0), IF(ISNUMBER(INDEX(Zestawienie!K:K, 2*ROW()+1)), INDEX(Zestawienie!K:K, 2*ROW()+1), 0) )-120) ) ), "" ) ) ), "")} -> 93
A12: 11 | B12: =IFERROR(__xludf.DUMMYFUNCTION("IF( OR(C12=""Zajęte"", C12=""Spóźnione""), IFERROR( INDEX( FILTER( { INDEX(Zestawienie!K:K, ROW()*2); INDEX(Zestawienie!I:I, ROW()*2); INDEX(Zestawienie!G:G, ROW()*2); INDEX(Zestawienie!E:E, RO"&"W()*2); INDEX(Zestawienie!C:C, ROW()*2) }, { INDEX(Zestawienie!K:K, ROW()*2)<>"""" ; INDEX(Zestawienie!I:I, ROW()*2)<>"""" ; INDEX(Zestawienie!G:G, ROW()*2)<>"""" ; INDEX(Zestawienie!E:E, R"&"OW()*2)<>"""" ; INDEX(Zestawienie!C:C, ROW()*2)<>"""" } ), 1 ), """" ), """" ) "),"") | C12: {=IF( OR( AND(NOT(ISBLANK(INDEX(Zestawienie!C:C,ROW()*2+1))), INDEX(Zestawienie!C:C,ROW()*2+1)<TODAY()-120, ISBLANK(INDEX(Zestawienie!D:D,ROW()*2+1))), AND(NOT(ISBLANK(INDEX(Zestawienie!E:E,ROW()*2+1))), INDEX(Zestawienie!E:E,ROW()*2+1)<TODAY()-120, ISBLANK(INDEX(Zestawienie!F:F,ROW()*2+1))), AND(NOT(ISBLANK(INDEX(Zestawienie!G:G,ROW()*2+1))), INDEX(Zestawienie!G:G,ROW()*2+1)<TODAY()-120, ISBLANK(INDEX(Zestawienie!H:H,ROW()*2+1))), AND(NOT(ISBLANK(INDEX(Zestawienie!I:I,ROW()*2+1))), INDEX(Zestawienie!I:I,ROW()*2+1)<TODAY()-120, ISBLANK(INDEX(Zestawienie!J:J,ROW()*2+1))), AND(NOT(ISBLANK(INDEX(Zestawienie!K:K,ROW()*2+1))), INDEX(Zestawienie!K:K,ROW()*2+1)<TODAY()-120, ISBLANK(INDEX(Zestawienie!L:L,ROW()*2+1))) ), "Spóźnione", IF( OR( AND(NOT(ISBLANK(INDEX(Zestawienie!C:C,ROW()*2+1))), ISBLANK(INDEX(Zestawienie!D:D,ROW()*2+1))), AND(NOT(ISBLANK(INDEX(Zestawienie!E:E,ROW()*2+1))), ISBLANK(INDEX(Zestawienie!F:F,ROW()*2+1))), AND(NOT(ISBLANK(INDEX(Zestawienie!G:G,ROW()*2+1))), ISBLANK(INDEX(Zestawienie!H:H,ROW()*2+1))), AND(NOT(ISBLANK(INDEX(Zestawienie!I:I,ROW()*2+1))), ISBLANK(INDEX(Zestawienie!J:J,ROW()*2+1))), AND(NOT(ISBLANK(INDEX(Zestawienie!K:K,ROW()*2+1))), ISBLANK(INDEX(Zestawienie!L:L,ROW()*2+1))) ), "Zajęte", "Wolne" ) )} -> Wolne | D12: {=IFERROR( IF( ISBLANK(INDEX(Zestawienie!B:B, MATCH(A12, Zestawienie!A:A, 0))), "", IF(C12="Wolne", IF( OR( ISBLANK(INDEX(Zestawienie!B:B, MATCH(A12, Zestawienie!A:A, 0))), NOT(ISNUMBER(INDEX(Zestawienie!B:B, MATCH(A12, Zestawienie!A:A, 0)))) ), "", TODAY()-INDEX(Zestawienie!B:B, MATCH(A12, Zestawienie!A:A, 0)) ), IF(OR(C12="Zajęte", C12="Spóźnione"), IF( ISBLANK( MAX( IF(ISNUMBER(INDEX(Zestawienie!C:C, 2*ROW()+1)), INDEX(Zestawienie!C:C, 2*ROW()+1), 0), IF(ISNUMBER(INDEX(Zestawienie!E:E, 2*ROW()+1)), INDEX(Zestawienie!E:E, 2*ROW()+1), 0), IF(ISNUMBER(INDEX(Zestawienie!G:G, 2*ROW()+1)), INDEX(Zestawienie!G:G, 2*ROW()+1), 0), IF(ISNUMBER(INDEX(Zestawienie!I:I, 2*ROW()+1)), INDEX(Zestawienie!I:I, 2*ROW()+1), 0), IF(ISNUMBER(INDEX(Zestawienie!K:K, 2*ROW()+1)), INDEX(Zestawienie!K:K, 2*ROW()+1), 0) ) ), "", IF(C12="Zajęte", TODAY()-MAX( IF(ISNUMBER(INDEX(Zestawienie!C:C, 2*ROW()+1)), INDEX(Zestawienie!C:C, 2*ROW()+1), 0), IF(ISNUMBER(INDEX(Zestawienie!E:E, 2*ROW()+1)), INDEX(Zestawienie!E:E, 2*ROW()+1), 0), IF(ISNUMBER(INDEX(Zestawienie!G:G, 2*ROW()+1)), INDEX(Zestawienie!G:G, 2*ROW()+1), 0), IF(ISNUMBER(INDEX(Zestawienie!I:I, 2*ROW()+1)), INDEX(Zestawienie!I:I, 2*ROW()+1), 0), IF(ISNUMBER(INDEX(Zestawienie!K:K, 2*ROW()+1)), INDEX(Zestawienie!K:K, 2*ROW()+1), 0) ), MAX(0, TODAY()-MAX( IF(ISNUMBER(INDEX(Zestawienie!C:C, 2*ROW()+1)), INDEX(Zestawienie!C:C, 2*ROW()+1), 0), IF(ISNUMBER(INDEX(Zestawienie!E:E, 2*ROW()+1)), INDEX(Zestawienie!E:E, 2*ROW()+1), 0), IF(ISNUMBER(INDEX(Zestawienie!G:G, 2*ROW()+1)), INDEX(Zestawienie!G:G, 2*ROW()+1), 0), IF(ISNUMBER(INDEX(Zestawienie!I:I, 2*ROW()+1)), INDEX(Zestawienie!I:I, 2*ROW()+1), 0), IF(ISNUMBER(INDEX(Zestawienie!K:K, 2*ROW()+1)), INDEX(Zestawienie!K:K, 2*ROW()+1), 0) )-120) ) ), "" ) ) ), "")} -> 92
A13: 12 | B13: =IFERROR(__xludf.DUMMYFUNCTION("IF( OR(C13=""Zajęte"", C13=""Spóźnione""), IFERROR( INDEX( FILTER( { INDEX(Zestawienie!K:K, ROW()*2); INDEX(Zestawienie!I:I, ROW()*2); INDEX(Zestawienie!G:G, ROW()*2); INDEX(Zestawienie!E:E, RO"&"W()*2); INDEX(Zestawienie!C:C, ROW()*2) }, { INDEX(Zestawienie!K:K, ROW()*2)<>"""" ; INDEX(Zestawienie!I:I, ROW()*2)<>"""" ; INDEX(Zestawienie!G:G, ROW()*2)<>"""" ; INDEX(Zestawienie!E:E, R"&"OW()*2)<>"""" ; INDEX(Zestawienie!C:C, ROW()*2)<>"""" } ), 1 ), """" ), """" ) "),"Migrała Wioletta") -> Migrała Wioletta | C13: {=IF( OR( AND(NOT(ISBLANK(INDEX(Zestawienie!C:C,ROW()*2+1))), INDEX(Zestawienie!C:C,ROW()*2+1)<TODAY()-120, ISBLANK(INDEX(Zestawienie!D:D,ROW()*2+1))), AND(NOT(ISBLANK(INDEX(Zestawienie!E:E,ROW()*2+1))), INDEX(Zestawienie!E:E,ROW()*2+1)<TODAY()-120, ISBLANK(INDEX(Zestawienie!F:F,ROW()*2+1))), AND(NOT(ISBLANK(INDEX(Zestawienie!G:G,ROW()*2+1))), INDEX(Zestawienie!G:G,ROW()*2+1)<TODAY()-120, ISBLANK(INDEX(Zestawienie!H:H,ROW()*2+1))), AND(NOT(ISBLANK(INDEX(Zestawienie!I:I,ROW()*2+1))), INDEX(Zestawienie!I:I,ROW()*2+1)<TODAY()-120, ISBLANK(INDEX(Zestawienie!J:J,ROW()*2+1))), AND(NOT(ISBLANK(INDEX(Zestawienie!K:K,ROW()*2+1))), INDEX(Zestawienie!K:K,ROW()*2+1)<TODAY()-120, ISBLANK(INDEX(Zestawienie!L:L,ROW()*2+1))) ), "Spóźnione", IF( OR( AND(NOT(ISBLANK(INDEX(Zestawienie!C:C,ROW()*2+1))), ISBLANK(INDEX(Zestawienie!D:D,ROW()*2+1))), AND(NOT(ISBLANK(INDEX(Zestawienie!E:E,ROW()*2+1))), ISBLANK(INDEX(Zestawienie!F:F,ROW()*2+1))), AND(NOT(ISBLANK(INDEX(Zestawienie!G:G,ROW()*2+1))), ISBLANK(INDEX(Zestawienie!H:H,ROW()*2+1))), AND(NOT(ISBLANK(INDEX(Zestawienie!I:I,ROW()*2+1))), ISBLANK(INDEX(Zestawienie!J:J,ROW()*2+1))), AND(NOT(ISBLANK(INDEX(Zestawienie!K:K,ROW()*2+1))), ISBLANK(INDEX(Zestawienie!L:L,ROW()*2+1))) ), "Zajęte", "Wolne" ) )} -> Spóźnione | D13: {=IFERROR( IF( ISBLANK(INDEX(Zestawienie!B:B, MATCH(A13, Zestawienie!A:A, 0))), "", IF(C13="Wolne", IF( OR( ISBLANK(INDEX(Zestawienie!B:B, MATCH(A13, Zestawienie!A:A, 0))), NOT(ISNUMBER(INDEX(Zestawienie!B:B, MATCH(A13, Zestawienie!A:A, 0)))) ), "", TODAY()-INDEX(Zestawienie!B:B, MATCH(A13, Zestawienie!A:A, 0)) ), IF(OR(C13="Zajęte", C13="Spóźnione"), IF( ISBLANK( MAX( IF(ISNUMBER(INDEX(Zestawienie!C:C, 2*ROW()+1)), INDEX(Zestawienie!C:C, 2*ROW()+1), 0), IF(ISNUMBER(INDEX(Zestawienie!E:E, 2*ROW()+1)), INDEX(Zestawienie!E:E, 2*ROW()+1), 0), IF(ISNUMBER(INDEX(Zestawienie!G:G, 2*ROW()+1)), INDEX(Zestawienie!G:G, 2*ROW()+1), 0), IF(ISNUMBER(INDEX(Zestawienie!I:I, 2*ROW()+1)), INDEX(Zestawienie!I:I, 2*ROW()+1), 0), IF(ISNUMBER(INDEX(Zestawienie!K:K, 2*ROW()+1)), INDEX(Zestawienie!K:K, 2*ROW()+1), 0) ) ), "", IF(C13="Zajęte", TODAY()-MAX( IF(ISNUMBER(INDEX(Zestawienie!C:C, 2*ROW()+1)), INDEX(Zestawienie!C:C, 2*ROW()+1), 0), IF(ISNUMBER(INDEX(Zestawienie!E:E, 2*ROW()+1)), INDEX(Zestawienie!E:E, 2*ROW()+1), 0), IF(ISNUMBER(INDEX(Zestawienie!G:G, 2*ROW()+1)), INDEX(Zestawienie!G:G, 2*ROW()+1), 0), IF(ISNUMBER(INDEX(Zestawienie!I:I, 2*ROW()+1)), INDEX(Zestawienie!I:I, 2*ROW()+1), 0), IF(ISNUMBER(INDEX(Zestawienie!K:K, 2*ROW()+1)), INDEX(Zestawienie!K:K, 2*ROW()+1), 0) ), MAX(0, TODAY()-MAX( IF(ISNUMBER(INDEX(Zestawienie!C:C, 2*ROW()+1)), INDEX(Zestawienie!C:C, 2*ROW()+1), 0), IF(ISNUMBER(INDEX(Zestawienie!E:E, 2*ROW()+1)), INDEX(Zestawienie!E:E, 2*ROW()+1), 0), IF(ISNUMBER(INDEX(Zestawienie!G:G, 2*ROW()+1)), INDEX(Zestawienie!G:G, 2*ROW()+1), 0), IF(ISNUMBER(INDEX(Zestawienie!I:I, 2*ROW()+1)), INDEX(Zestawienie!I:I, 2*ROW()+1), 0), IF(ISNUMBER(INDEX(Zestawienie!K:K, 2*ROW()+1)), INDEX(Zestawienie!K:K, 2*ROW()+1), 0) )-120) ) ), "" ) ) ), "")} -> 26
A14: 13 | B14: =IFERROR(__xludf.DUMMYFUNCTION("IF( OR(C14=""Zajęte"", C14=""Spóźnione""), IFERROR( INDEX( FILTER( { INDEX(Zestawienie!K:K, ROW()*2); INDEX(Zestawienie!I:I, ROW()*2); INDEX(Zestawienie!G:G, ROW()*2); INDEX(Zestawienie!E:E, RO"&"W()*2); INDEX(Zestawienie!C:C, ROW()*2) }, { INDEX(Zestawienie!K:K, ROW()*2)<>"""" ; INDEX(Zestawienie!I:I, ROW()*2)<>"""" ; INDEX(Zestawienie!G:G, ROW()*2)<>"""" ; INDEX(Zestawienie!E:E, R"&"OW()*2)<>"""" ; INDEX(Zestawienie!C:C, ROW()*2)<>"""" } ), 1 ), """" ), """" ) "),"") | C14: {=IF( OR( AND(NOT(ISBLANK(INDEX(Zestawienie!C:C,ROW()*2+1))), INDEX(Zestawienie!C:C,ROW()*2+1)<TODAY()-120, ISBLANK(INDEX(Zestawienie!D:D,ROW()*2+1))), AND(NOT(ISBLANK(INDEX(Zestawienie!E:E,ROW()*2+1))), INDEX(Zestawienie!E:E,ROW()*2+1)<TODAY()-120, ISBLANK(INDEX(Zestawienie!F:F,ROW()*2+1))), AND(NOT(ISBLANK(INDEX(Zestawienie!G:G,ROW()*2+1))), INDEX(Zestawienie!G:G,ROW()*2+1)<TODAY()-120, ISBLANK(INDEX(Zestawienie!H:H,ROW()*2+1))), AND(NOT(ISBLANK(INDEX(Zestawienie!I:I,ROW()*2+1))), INDEX(Zestawienie!I:I,ROW()*2+1)<TODAY()-120, ISBLANK(INDEX(Zestawienie!J:J,ROW()*2+1))), AND(NOT(ISBLANK(INDEX(Zestawienie!K:K,ROW()*2+1))), INDEX(Zestawienie!K:K,ROW()*2+1)<TODAY()-120, ISBLANK(INDEX(Zestawienie!L:L,ROW()*2+1))) ), "Spóźnione", IF( OR( AND(NOT(ISBLANK(INDEX(Zestawienie!C:C,ROW()*2+1))), ISBLANK(INDEX(Zestawienie!D:D,ROW()*2+1))), AND(NOT(ISBLANK(INDEX(Zestawienie!E:E,ROW()*2+1))), ISBLANK(INDEX(Zestawienie!F:F,ROW()*2+1))), AND(NOT(ISBLANK(INDEX(Zestawienie!G:G,ROW()*2+1))), ISBLANK(INDEX(Zestawienie!H:H,ROW()*2+1))), AND(NOT(ISBLANK(INDEX(Zestawienie!I:I,ROW()*2+1))), ISBLANK(INDEX(Zestawienie!J:J,ROW()*2+1))), AND(NOT(ISBLANK(INDEX(Zestawienie!K:K,ROW()*2+1))), ISBLANK(INDEX(Zestawienie!L:L,ROW()*2+1))) ), "Zajęte", "Wolne" ) )} -> Wolne | D14: {=IFERROR( IF( ISBLANK(INDEX(Zestawienie!B:B, MATCH(A14, Zestawienie!A:A, 0))), "", IF(C14="Wolne", IF( OR( ISBLANK(INDEX(Zestawienie!B:B, MATCH(A14, Zestawienie!A:A, 0))), NOT(ISNUMBER(INDEX(Zestawienie!B:B, MATCH(A14, Zestawienie!A:A, 0)))) ), "", TODAY()-INDEX(Zestawienie!B:B, MATCH(A14, Zestawienie!A:A, 0)) ), IF(OR(C14="Zajęte", C14="Spóźnione"), IF( ISBLANK( MAX( IF(ISNUMBER(INDEX(Zestawienie!C:C, 2*ROW()+1)), INDEX(Zestawienie!C:C, 2*ROW()+1), 0), IF(ISNUMBER(INDEX(Zestawienie!E:E, 2*ROW()+1)), INDEX(Zestawienie!E:E, 2*ROW()+1), 0), IF(ISNUMBER(INDEX(Zestawienie!G:G, 2*ROW()+1)), INDEX(Zestawienie!G:G, 2*ROW()+1), 0), IF(ISNUMBER(INDEX(Zestawienie!I:I, 2*ROW()+1)), INDEX(Zestawienie!I:I, 2*ROW()+1), 0), IF(ISNUMBER(INDEX(Zestawienie!K:K, 2*ROW()+1)), INDEX(Zestawienie!K:K, 2*ROW()+1), 0) ) ), "", IF(C14="Zajęte", TODAY()-MAX( IF(ISNUMBER(INDEX(Zestawienie!C:C, 2*ROW()+1)), INDEX(Zestawienie!C:C, 2*ROW()+1), 0), IF(ISNUMBER(INDEX(Zestawienie!E:E, 2*ROW()+1)), INDEX(Zestawienie!E:E, 2*ROW()+1), 0), IF(ISNUMBER(INDEX(Zestawienie!G:G, 2*ROW()+1)), INDEX(Zestawienie!G:G, 2*ROW()+1), 0), IF(ISNUMBER(INDEX(Zestawienie!I:I, 2*ROW()+1)), INDEX(Zestawienie!I:I, 2*ROW()+1), 0), IF(ISNUMBER(INDEX(Zestawienie!K:K, 2*ROW()+1)), INDEX(Zestawienie!K:K, 2*ROW()+1), 0) ), MAX(0, TODAY()-MAX( IF(ISNUMBER(INDEX(Zestawienie!C:C, 2*ROW()+1)), INDEX(Zestawienie!C:C, 2*ROW()+1), 0), IF(ISNUMBER(INDEX(Zestawienie!E:E, 2*ROW()+1)), INDEX(Zestawienie!E:E, 2*ROW()+1), 0), IF(ISNUMBER(INDEX(Zestawienie!G:G, 2*ROW()+1)), INDEX(Zestawienie!G:G, 2*ROW()+1), 0), IF(ISNUMBER(INDEX(Zestawienie!I:I, 2*ROW()+1)), INDEX(Zestawienie!I:I, 2*ROW()+1), 0), IF(ISNUMBER(INDEX(Zestawienie!K:K, 2*ROW()+1)), INDEX(Zestawienie!K:K, 2*ROW()+1), 0) )-120) ) ), "" ) ) ), "")} -> 104
A15: 14 | B15: =IFERROR(__xludf.DUMMYFUNCTION("IF( OR(C15=""Zajęte"", C15=""Spóźnione""), IFERROR( INDEX( FILTER( { INDEX(Zestawienie!K:K, ROW()*2); INDEX(Zestawienie!I:I, ROW()*2); INDEX(Zestawienie!G:G, ROW()*2); INDEX(Zestawienie!E:E, RO"&"W()*2); INDEX(Zestawienie!C:C, ROW()*2) }, { INDEX(Zestawienie!K:K, ROW()*2)<>"""" ; INDEX(Zestawienie!I:I, ROW()*2)<>"""" ; INDEX(Zestawienie!G:G, ROW()*2)<>"""" ; INDEX(Zestawienie!E:E, R"&"OW()*2)<>"""" ; INDEX(Zestawienie!C:C, ROW()*2)<>"""" } ), 1 ), """" ), """" ) "),"") | C15: {=IF( OR( AND(NOT(ISBLANK(INDEX(Zestawienie!C:C,ROW()*2+1))), INDEX(Zestawienie!C:C,ROW()*2+1)<TODAY()-120, ISBLANK(INDEX(Zestawienie!D:D,ROW()*2+1))), AND(NOT(ISBLANK(INDEX(Zestawienie!E:E,ROW()*2+1))), INDEX(Zestawienie!E:E,ROW()*2+1)<TODAY()-120, ISBLANK(INDEX(Zestawienie!F:F,ROW()*2+1))), AND(NOT(ISBLANK(INDEX(Zestawienie!G:G,ROW()*2+1))), INDEX(Zestawienie!G:G,ROW()*2+1)<TODAY()-120, ISBLANK(INDEX(Zestawienie!H:H,ROW()*2+1))), AND(NOT(ISBLANK(INDEX(Zestawienie!I:I,ROW()*2+1))), INDEX(Zestawienie!I:I,ROW()*2+1)<TODAY()-120, ISBLANK(INDEX(Zestawienie!J:J,ROW()*2+1))), AND(NOT(ISBLANK(INDEX(Zestawienie!K:K,ROW()*2+1))), INDEX(Zestawienie!K:K,ROW()*2+1)<TODAY()-120, ISBLANK(INDEX(Zestawienie!L:L,ROW()*2+1))) ), "Spóźnione", IF( OR( AND(NOT(ISBLANK(INDEX(Zestawienie!C:C,ROW()*2+1))), ISBLANK(INDEX(Zestawienie!D:D,ROW()*2+1))), AND(NOT(ISBLANK(INDEX(Zestawienie!E:E,ROW()*2+1))), ISBLANK(INDEX(Zestawienie!F:F,ROW()*2+1))), AND(NOT(ISBLANK(INDEX(Zestawienie!G:G,ROW()*2+1))), ISBLANK(INDEX(Zestawienie!H:H,ROW()*2+1))), AND(NOT(ISBLANK(INDEX(Zestawienie!I:I,ROW()*2+1))), ISBLANK(INDEX(Zestawienie!J:J,ROW()*2+1))), AND(NOT(ISBLANK(INDEX(Zestawienie!K:K,ROW()*2+1))), ISBLANK(INDEX(Zestawienie!L:L,ROW()*2+1))) ), "Zajęte", "Wolne" ) )} -> Wolne | D15: {=IFERROR( IF( ISBLANK(INDEX(Zestawienie!B:B, MATCH(A15, Zestawienie!A:A, 0))), "", IF(C15="Wolne", IF( OR( ISBLANK(INDEX(Zestawienie!B:B, MATCH(A15, Zestawienie!A:A, 0))), NOT(ISNUMBER(INDEX(Zestawienie!B:B, MATCH(A15, Zestawienie!A:A, 0)))) ), "", TODAY()-INDEX(Zestawienie!B:B, MATCH(A15, Zestawienie!A:A, 0)) ), IF(OR(C15="Zajęte", C15="Spóźnione"), IF( ISBLANK( MAX( IF(ISNUMBER(INDEX(Zestawienie!C:C, 2*ROW()+1)), INDEX(Zestawienie!C:C, 2*ROW()+1), 0), IF(ISNUMBER(INDEX(Zestawienie!E:E, 2*ROW()+1)), INDEX(Zestawienie!E:E, 2*ROW()+1), 0), IF(ISNUMBER(INDEX(Zestawienie!G:G, 2*ROW()+1)), INDEX(Zestawienie!G:G, 2*ROW()+1), 0), IF(ISNUMBER(INDEX(Zestawienie!I:I, 2*ROW()+1)), INDEX(Zestawienie!I:I, 2*ROW()+1), 0), IF(ISNUMBER(INDEX(Zestawienie!K:K, 2*ROW()+1)), INDEX(Zestawienie!K:K, 2*ROW()+1), 0) ) ), "", IF(C15="Zajęte", TODAY()-MAX( IF(ISNUMBER(INDEX(Zestawienie!C:C, 2*ROW()+1)), INDEX(Zestawienie!C:C, 2*ROW()+1), 0), IF(ISNUMBER(INDEX(Zestawienie!E:E, 2*ROW()+1)), INDEX(Zestawienie!E:E, 2*ROW()+1), 0), IF(ISNUMBER(INDEX(Zestawienie!G:G, 2*ROW()+1)), INDEX(Zestawienie!G:G, 2*ROW()+1), 0), IF(ISNUMBER(INDEX(Zestawienie!I:I, 2*ROW()+1)), INDEX(Zestawienie!I:I, 2*ROW()+1), 0), IF(ISNUMBER(INDEX(Zestawienie!K:K, 2*ROW()+1)), INDEX(Zestawienie!K:K, 2*ROW()+1), 0) ), MAX(0, TODAY()-MAX( IF(ISNUMBER(INDEX(Zestawienie!C:C, 2*ROW()+1)), INDEX(Zestawienie!C:C, 2*ROW()+1), 0), IF(ISNUMBER(INDEX(Zestawienie!E:E, 2*ROW()+1)), INDEX(Zestawienie!E:E, 2*ROW()+1), 0), IF(ISNUMBER(INDEX(Zestawienie!G:G, 2*ROW()+1)), INDEX(Zestawienie!G:G, 2*ROW()+1), 0), IF(ISNUMBER(INDEX(Zestawienie!I:I, 2*ROW()+1)), INDEX(Zestawienie!I:I, 2*ROW()+1), 0), IF(ISNUMBER(INDEX(Zestawienie!K:K, 2*ROW()+1)), INDEX(Zestawienie!K:K, 2*ROW()+1), 0) )-120) ) ), "" ) ) ), "")} -> 93
A16: 15 | B16: =IFERROR(__xludf.DUMMYFUNCTION("IF( OR(C16=""Zajęte"", C16=""Spóźnione""), IFERROR( INDEX( FILTER( { INDEX(Zestawienie!K:K, ROW()*2); INDEX(Zestawienie!I:I, ROW()*2); INDEX(Zestawienie!G:G, ROW()*2); INDEX(Zestawienie!E:E, RO"&"W()*2); INDEX(Zestawienie!C:C, ROW()*2) }, { INDEX(Zestawienie!K:K, ROW()*2)<>"""" ; INDEX(Zestawienie!I:I, ROW()*2)<>"""" ; INDEX(Zestawienie!G:G, ROW()*2)<>"""" ; INDEX(Zestawienie!E:E, R"&"OW()*2)<>"""" ; INDEX(Zestawienie!C:C, ROW()*2)<>"""" } ), 1 ), """" ), """" ) "),"") | C16: {=IF( OR( AND(NOT(ISBLANK(INDEX(Zestawienie!C:C,ROW()*2+1))), INDEX(Zestawienie!C:C,ROW()*2+1)<TODAY()-120, ISBLANK(INDEX(Zestawienie!D:D,ROW()*2+1))), AND(NOT(ISBLANK(INDEX(Zestawienie!E:E,ROW()*2+1))), INDEX(Zestawienie!E:E,ROW()*2+1)<TODAY()-120, ISBLANK(INDEX(Zestawienie!F:F,ROW()*2+1))), AND(NOT(ISBLANK(INDEX(Zestawienie!G:G,ROW()*2+1))), INDEX(Zestawienie!G:G,ROW()*2+1)<TODAY()-120, ISBLANK(INDEX(Zestawienie!H:H,ROW()*2+1))), AND(NOT(ISBLANK(INDEX(Zestawienie!I:I,ROW()*2+1))), INDEX(Zestawienie!I:I,ROW()*2+1)<TODAY()-120, ISBLANK(INDEX(Zestawienie!J:J,ROW()*2+1))), AND(NOT(ISBLANK(INDEX(Zestawienie!K:K,ROW()*2+1))), INDEX(Zestawienie!K:K,ROW()*2+1)<TODAY()-120, ISBLANK(INDEX(Zestawienie!L:L,ROW()*2+1))) ), "Spóźnione", IF( OR( AND(NOT(ISBLANK(INDEX(Zestawienie!C:C,ROW()*2+1))), ISBLANK(INDEX(Zestawienie!D:D,ROW()*2+1))), AND(NOT(ISBLANK(INDEX(Zestawienie!E:E,ROW()*2+1))), ISBLANK(INDEX(Zestawienie!F:F,ROW()*2+1))), AND(NOT(ISBLANK(INDEX(Zestawienie!G:G,ROW()*2+1))), ISBLANK(INDEX(Zestawienie!H:H,ROW()*2+1))), AND(NOT(ISBLANK(INDEX(Zestawienie!I:I,ROW()*2+1))), ISBLANK(INDEX(Zestawienie!J:J,ROW()*2+1))), AND(NOT(ISBLANK(INDEX(Zestawienie!K:K,ROW()*2+1))), ISBLANK(INDEX(Zestawienie!L:L,ROW()*2+1))) ), "Zajęte", "Wolne" ) )} -> Wolne | D16: {=IFERROR( IF( ISBLANK(INDEX(Zestawienie!B:B, MATCH(A16, Zestawienie!A:A, 0))), "", IF(C16="Wolne", IF( OR( ISBLANK(INDEX(Zestawienie!B:B, MATCH(A16, Zestawienie!A:A, 0))), NOT(ISNUMBER(INDEX(Zestawienie!B:B, MATCH(A16, Zestawienie!A:A, 0)))) ), "", TODAY()-INDEX(Zestawienie!B:B, MATCH(A16, Zestawienie!A:A, 0)) ), IF(OR(C16="Zajęte", C16="Spóźnione"), IF( ISBLANK( MAX( IF(ISNUMBER(INDEX(Zestawienie!C:C, 2*ROW()+1)), INDEX(Zestawienie!C:C, 2*ROW()+1), 0), IF(ISNUMBER(INDEX(Zestawienie!E:E, 2*ROW()+1)), INDEX(Zestawienie!E:E, 2*ROW()+1), 0), IF(ISNUMBER(INDEX(Zestawienie!G:G, 2*ROW()+1)), INDEX(Zestawienie!G:G, 2*ROW()+1), 0), IF(ISNUMBER(INDEX(Zestawienie!I:I, 2*ROW()+1)), INDEX(Zestawienie!I:I, 2*ROW()+1), 0), IF(ISNUMBER(INDEX(Zestawienie!K:K, 2*ROW()+1)), INDEX(Zestawienie!K:K, 2*ROW()+1), 0) ) ), "", IF(C16="Zajęte", TODAY()-MAX( IF(ISNUMBER(INDEX(Zestawienie!C:C, 2*ROW()+1)), INDEX(Zestawienie!C:C, 2*ROW()+1), 0), IF(ISNUMBER(INDEX(Zestawienie!E:E, 2*ROW()+1)), INDEX(Zestawienie!E:E, 2*ROW()+1), 0), IF(ISNUMBER(INDEX(Zestawienie!G:G, 2*ROW()+1)), INDEX(Zestawienie!G:G, 2*ROW()+1), 0), IF(ISNUMBER(INDEX(Zestawienie!I:I, 2*ROW()+1)), INDEX(Zestawienie!I:I, 2*ROW()+1), 0), IF(ISNUMBER(INDEX(Zestawienie!K:K, 2*ROW()+1)), INDEX(Zestawienie!K:K, 2*ROW()+1), 0) ), MAX(0, TODAY()-MAX( IF(ISNUMBER(INDEX(Zestawienie!C:C, 2*ROW()+1)), INDEX(Zestawienie!C:C, 2*ROW()+1), 0), IF(ISNUMBER(INDEX(Zestawienie!E:E, 2*ROW()+1)), INDEX(Zestawienie!E:E, 2*ROW()+1), 0), IF(ISNUMBER(INDEX(Zestawienie!G:G, 2*ROW()+1)), INDEX(Zestawienie!G:G, 2*ROW()+1), 0), IF(ISNUMBER(INDEX(Zestawienie!I:I, 2*ROW()+1)), INDEX(Zestawienie!I:I, 2*ROW()+1), 0), IF(ISNUMBER(INDEX(Zestawienie!K:K, 2*ROW()+1)), INDEX(Zestawienie!K:K, 2*ROW()+1), 0) )-120) ) ), "" ) ) ), "")} -> 208
A17: 16 | B17: =IFERROR(__xludf.DUMMYFUNCTION("IF( OR(C17=""Zajęte"", C17=""Spóźnione""), IFERROR( INDEX( FILTER( { INDEX(Zestawienie!K:K, ROW()*2); INDEX(Zestawienie!I:I, ROW()*2); INDEX(Zestawienie!G:G, ROW()*2); INDEX(Zestawienie!E:E, RO"&"W()*2); INDEX(Zestawienie!C:C, ROW()*2) }, { INDEX(Zestawienie!K:K, ROW()*2)<>"""" ; INDEX(Zestawienie!I:I, ROW()*2)<>"""" ; INDEX(Zestawienie!G:G, ROW()*2)<>"""" ; INDEX(Zestawienie!E:E, R"&"OW()*2)<>"""" ; INDEX(Zestawienie!C:C, ROW()*2)<>"""" } ), 1 ), """" ), """" ) "),"") | C17: {=IF( OR( AND(NOT(ISBLANK(INDEX(Zestawienie!C:C,ROW()*2+1))), INDEX(Zestawienie!C:C,ROW()*2+1)<TODAY()-120, ISBLANK(INDEX(Zestawienie!D:D,ROW()*2+1))), AND(NOT(ISBLANK(INDEX(Zestawienie!E:E,ROW()*2+1))), INDEX(Zestawienie!E:E,ROW()*2+1)<TODAY()-120, ISBLANK(INDEX(Zestawienie!F:F,ROW()*2+1))), AND(NOT(ISBLANK(INDEX(Zestawienie!G:G,ROW()*2+1))), INDEX(Zestawienie!G:G,ROW()*2+1)<TODAY()-120, ISBLANK(INDEX(Zestawienie!H:H,ROW()*2+1))), AND(NOT(ISBLANK(INDEX(Zestawienie!I:I,ROW()*2+1))), INDEX(Zestawienie!I:I,ROW()*2+1)<TODAY()-120, ISBLANK(INDEX(Zestawienie!J:J,ROW()*2+1))), AND(NOT(ISBLANK(INDEX(Zestawienie!K:K,ROW()*2+1))), INDEX(Zestawienie!K:K,ROW()*2+1)<TODAY()-120, ISBLANK(INDEX(Zestawienie!L:L,ROW()*2+1))) ), "Spóźnione", IF( OR( AND(NOT(ISBLANK(INDEX(Zestawienie!C:C,ROW()*2+1))), ISBLANK(INDEX(Zestawienie!D:D,ROW()*2+1))), AND(NOT(ISBLANK(INDEX(Zestawienie!E:E,ROW()*2+1))), ISBLANK(INDEX(Zestawienie!F:F,ROW()*2+1))), AND(NOT(ISBLANK(INDEX(Zestawienie!G:G,ROW()*2+1))), ISBLANK(INDEX(Zestawienie!H:H,ROW()*2+1))), AND(NOT(ISBLANK(INDEX(Zestawienie!I:I,ROW()*2+1))), ISBLANK(INDEX(Zestawienie!J:J,ROW()*2+1))), AND(NOT(ISBLANK(INDEX(Zestawienie!K:K,ROW()*2+1))), ISBLANK(INDEX(Zestawienie!L:L,ROW()*2+1))) ), "Zajęte", "Wolne" ) )} -> Wolne | D17: {=IFERROR( IF( ISBLANK(INDEX(Zestawienie!B:B, MATCH(A17, Zestawienie!A:A, 0))), "", IF(C17="Wolne", IF( OR( ISBLANK(INDEX(Zestawienie!B:B, MATCH(A17, Zestawienie!A:A, 0))), NOT(ISNUMBER(INDEX(Zestawienie!B:B, MATCH(A17, Zestawienie!A:A, 0)))) ), "", TODAY()-INDEX(Zestawienie!B:B, MATCH(A17, Zestawienie!A:A, 0)) ), IF(OR(C17="Zajęte", C17="Spóźnione"), IF( ISBLANK( MAX( IF(ISNUMBER(INDEX(Zestawienie!C:C, 2*ROW()+1)), INDEX(Zestawienie!C:C, 2*ROW()+1), 0), IF(ISNUMBER(INDEX(Zestawienie!E:E, 2*ROW()+1)), INDEX(Zestawienie!E:E, 2*ROW()+1), 0), IF(ISNUMBER(INDEX(Zestawienie!G:G, 2*ROW()+1)), INDEX(Zestawienie!G:G, 2*ROW()+1), 0), IF(ISNUMBER(INDEX(Zestawienie!I:I, 2*ROW()+1)), INDEX(Zestawienie!I:I, 2*ROW()+1), 0), IF(ISNUMBER(INDEX(Zestawienie!K:K, 2*ROW()+1)), INDEX(Zestawienie!K:K, 2*ROW()+1), 0) ) ), "", IF(C17="Zajęte", TODAY()-MAX( IF(ISNUMBER(INDEX(Zestawienie!C:C, 2*ROW()+1)), INDEX(Zestawienie!C:C, 2*ROW()+1), 0), IF(ISNUMBER(INDEX(Zestawienie!E:E, 2*ROW()+1)), INDEX(Zestawienie!E:E, 2*ROW()+1), 0), IF(ISNUMBER(INDEX(Zestawienie!G:G, 2*ROW()+1)), INDEX(Zestawienie!G:G, 2*ROW()+1), 0), IF(ISNUMBER(INDEX(Zestawienie!I:I, 2*ROW()+1)), INDEX(Zestawienie!I:I, 2*ROW()+1), 0), IF(ISNUMBER(INDEX(Zestawienie!K:K, 2*ROW()+1)), INDEX(Zestawienie!K:K, 2*ROW()+1), 0) ), MAX(0, TODAY()-MAX( IF(ISNUMBER(INDEX(Zestawienie!C:C, 2*ROW()+1)), INDEX(Zestawienie!C:C, 2*ROW()+1), 0), IF(ISNUMBER(INDEX(Zestawienie!E:E, 2*ROW()+1)), INDEX(Zestawienie!E:E, 2*ROW()+1), 0), IF(ISNUMBER(INDEX(Zestawienie!G:G, 2*ROW()+1)), INDEX(Zestawienie!G:G, 2*ROW()+1), 0), IF(ISNUMBER(INDEX(Zestawienie!I:I, 2*ROW()+1)), INDEX(Zestawienie!I:I, 2*ROW()+1), 0), IF(ISNUMBER(INDEX(Zestawienie!K:K, 2*ROW()+1)), INDEX(Zestawienie!K:K, 2*ROW()+1), 0) )-120) ) ), "" ) ) ), "")} -> 130
A18: 17 | B18: =IFERROR(__xludf.DUMMYFUNCTION("IF( OR(C18=""Zajęte"", C18=""Spóźnione""), IFERROR( INDEX( FILTER( { INDEX(Zestawienie!K:K, ROW()*2); INDEX(Zestawienie!I:I, ROW()*2); INDEX(Zestawienie!G:G, ROW()*2); INDEX(Zestawienie!E:E, RO"&"W()*2); INDEX(Zestawienie!C:C, ROW()*2) }, { INDEX(Zestawienie!K:K, ROW()*2)<>"""" ; INDEX(Zestawienie!I:I, ROW()*2)<>"""" ; INDEX(Zestawienie!G:G, ROW()*2)<>"""" ; INDEX(Zestawienie!E:E, R"&"OW()*2)<>"""" ; INDEX(Zestawienie!C:C, ROW()*2)<>"""" } ), 1 ), """" ), """" ) "),"") | C18: {=IF( OR( AND(NOT(ISBLANK(INDEX(Zestawienie!C:C,ROW()*2+1))), INDEX(Zestawienie!C:C,ROW()*2+1)<TODAY()-120, ISBLANK(INDEX(Zestawienie!D:D,ROW()*2+1))), AND(NOT(ISBLANK(INDEX(Zestawienie!E:E,ROW()*2+1))), INDEX(Zestawienie!E:E,ROW()*2+1)<TODAY()-120, ISBLANK(INDEX(Zestawienie!F:F,ROW()*2+1))), AND(NOT(ISBLANK(INDEX(Zestawienie!G:G,ROW()*2+1))), INDEX(Zestawienie!G:G,ROW()*2+1)<TODAY()-120, ISBLANK(INDEX(Zestawienie!H:H,ROW()*2+1))), AND(NOT(ISBLANK(INDEX(Zestawienie!I:I,ROW()*2+1))), INDEX(Zestawienie!I:I,ROW()*2+1)<TODAY()-120, ISBLANK(INDEX(Zestawienie!J:J,ROW()*2+1))), AND(NOT(ISBLANK(INDEX(Zestawienie!K:K,ROW()*2+1))), INDEX(Zestawienie!K:K,ROW()*2+1)<TODAY()-120, ISBLANK(INDEX(Zestawienie!L:L,ROW()*2+1))) ), "Spóźnione", IF( OR( AND(NOT(ISBLANK(INDEX(Zestawienie!C:C,ROW()*2+1))), ISBLANK(INDEX(Zestawienie!D:D,ROW()*2+1))), AND(NOT(ISBLANK(INDEX(Zestawienie!E:E,ROW()*2+1))), ISBLANK(INDEX(Zestawienie!F:F,ROW()*2+1))), AND(NOT(ISBLANK(INDEX(Zestawienie!G:G,ROW()*2+1))), ISBLANK(INDEX(Zestawienie!H:H,ROW()*2+1))), AND(NOT(ISBLANK(INDEX(Zestawienie!I:I,ROW()*2+1))), ISBLANK(INDEX(Zestawienie!J:J,ROW()*2+1))), AND(NOT(ISBLANK(INDEX(Zestawienie!K:K,ROW()*2+1))), ISBLANK(INDEX(Zestawienie!L:L,ROW()*2+1))) ), "Zajęte", "Wolne" ) )} -> Wolne | D18: {=IFERROR( IF( ISBLANK(INDEX(Zestawienie!B:B, MATCH(A18, Zestawienie!A:A, 0))), "", IF(C18="Wolne", IF( OR( ISBLANK(INDEX(Zestawienie!B:B, MATCH(A18, Zestawienie!A:A, 0))), NOT(ISNUMBER(INDEX(Zestawienie!B:B, MATCH(A18, Zestawienie!A:A, 0)))) ), "", TODAY()-INDEX(Zestawienie!B:B, MATCH(A18, Zestawienie!A:A, 0)) ), IF(OR(C18="Zajęte", C18="Spóźnione"), IF( ISBLANK( MAX( IF(ISNUMBER(INDEX(Zestawienie!C:C, 2*ROW()+1)), INDEX(Zestawienie!C:C, 2*ROW()+1), 0), IF(ISNUMBER(INDEX(Zestawienie!E:E, 2*ROW()+1)), INDEX(Zestawienie!E:E, 2*ROW()+1), 0), IF(ISNUMBER(INDEX(Zestawienie!G:G, 2*ROW()+1)), INDEX(Zestawienie!G:G, 2*ROW()+1), 0), IF(ISNUMBER(INDEX(Zestawienie!I:I, 2*ROW()+1)), INDEX(Zestawienie!I:I, 2*ROW()+1), 0), IF(ISNUMBER(INDEX(Zestawienie!K:K, 2*ROW()+1)), INDEX(Zestawienie!K:K, 2*ROW()+1), 0) ) ), "", IF(C18="Zajęte", TODAY()-MAX( IF(ISNUMBER(INDEX(Zestawienie!C:C, 2*ROW()+1)), INDEX(Zestawienie!C:C, 2*ROW()+1), 0), IF(ISNUMBER(INDEX(Zestawienie!E:E, 2*ROW()+1)), INDEX(Zestawienie!E:E, 2*ROW()+1), 0), IF(ISNUMBER(INDEX(Zestawienie!G:G, 2*ROW()+1)), INDEX(Zestawienie!G:G, 2*ROW()+1), 0), IF(ISNUMBER(INDEX(Zestawienie!I:I, 2*ROW()+1)), INDEX(Zestawienie!I:I, 2*ROW()+1), 0), IF(ISNUMBER(INDEX(Zestawienie!K:K, 2*ROW()+1)), INDEX(Zestawienie!K:K, 2*ROW()+1), 0) ), MAX(0, TODAY()-MAX( IF(ISNUMBER(INDEX(Zestawienie!C:C, 2*ROW()+1)), INDEX(Zestawienie!C:C, 2*ROW()+1), 0), IF(ISNUMBER(INDEX(Zestawienie!E:E, 2*ROW()+1)), INDEX(Zestawienie!E:E, 2*ROW()+1), 0), IF(ISNUMBER(INDEX(Zestawienie!G:G, 2*ROW()+1)), INDEX(Zestawienie!G:G, 2*ROW()+1), 0), IF(ISNUMBER(INDEX(Zestawienie!I:I, 2*ROW()+1)), INDEX(Zestawienie!I:I, 2*ROW()+1), 0), IF(ISNUMBER(INDEX(Zestawienie!K:K, 2*ROW()+1)), INDEX(Zestawienie!K:K, 2*ROW()+1), 0) )-120) ) ), "" ) ) ), "")} -> 148
A19: 18 | B19: =IFERROR(__xludf.DUMMYFUNCTION("IF( OR(C19=""Zajęte"", C19=""Spóźnione""), IFERROR( INDEX( FILTER( { INDEX(Zestawienie!K:K, ROW()*2); INDEX(Zestawienie!I:I, ROW()*2); INDEX(Zestawienie!G:G, ROW()*2); INDEX(Zestawienie!E:E, RO"&"W()*2); INDEX(Zestawienie!C:C, ROW()*2) }, { INDEX(Zestawienie!K:K, ROW()*2)<>"""" ; INDEX(Zestawienie!I:I, ROW()*2)<>"""" ; INDEX(Zestawienie!G:G, ROW()*2)<>"""" ; INDEX(Zestawienie!E:E, R"&"OW()*2)<>"""" ; INDEX(Zestawienie!C:C, ROW()*2)<>"""" } ), 1 ), """" ), """" ) "),"Grabowska Lidia") -> Grabowska Lidia | C19: {=IF( OR( AND(NOT(ISBLANK(INDEX(Zestawienie!C:C,ROW()*2+1))), INDEX(Zestawienie!C:C,ROW()*2+1)<TODAY()-120, ISBLANK(INDEX(Zestawienie!D:D,ROW()*2+1))), AND(NOT(ISBLANK(INDEX(Zestawienie!E:E,ROW()*2+1))), INDEX(Zestawienie!E:E,ROW()*2+1)<TODAY()-120, ISBLANK(INDEX(Zestawienie!F:F,ROW()*2+1))), AND(NOT(ISBLANK(INDEX(Zestawienie!G:G,ROW()*2+1))), INDEX(Zestawienie!G:G,ROW()*2+1)<TODAY()-120, ISBLANK(INDEX(Zestawienie!H:H,ROW()*2+1))), AND(NOT(ISBLANK(INDEX(Zestawienie!I:I,ROW()*2+1))), INDEX(Zestawienie!I:I,ROW()*2+1)<TODAY()-120, ISBLANK(INDEX(Zestawienie!J:J,ROW()*2+1))), AND(NOT(ISBLANK(INDEX(Zestawienie!K:K,ROW()*2+1))), INDEX(Zestawienie!K:K,ROW()*2+1)<TODAY()-120, ISBLANK(INDEX(Zestawienie!L:L,ROW()*2+1))) ), "Spóźnione", IF( OR( AND(NOT(ISBLANK(INDEX(Zestawienie!C:C,ROW()*2+1))), ISBLANK(INDEX(Zestawienie!D:D,ROW()*2+1))), AND(NOT(ISBLANK(INDEX(Zestawienie!E:E,ROW()*2+1))), ISBLANK(INDEX(Zestawienie!F:F,ROW()*2+1))), AND(NOT(ISBLANK(INDEX(Zestawienie!G:G,ROW()*2+1))), ISBLANK(INDEX(Zestawienie!H:H,ROW()*2+1))), AND(NOT(ISBLANK(INDEX(Zestawienie!I:I,ROW()*2+1))), ISBLANK(INDEX(Zestawienie!J:J,ROW()*2+1))), AND(NOT(ISBLANK(INDEX(Zestawienie!K:K,ROW()*2+1))), ISBLANK(INDEX(Zestawienie!L:L,ROW()*2+1))) ), "Zajęte", "Wolne" ) )} -> Spóźnione | D19: {=IFERROR( IF( ISBLANK(INDEX(Zestawienie!B:B, MATCH(A19, Zestawienie!A:A, 0))), "", IF(C19="Wolne", IF( OR( ISBLANK(INDEX(Zestawienie!B:B, MATCH(A19, Zestawienie!A:A, 0))), NOT(ISNUMBER(INDEX(Zestawienie!B:B, MATCH(A19, Zestawienie!A:A, 0)))) ), "", TODAY()-INDEX(Zestawienie!B:B, MATCH(A19, Zestawienie!A:A, 0)) ), IF(OR(C19="Zajęte", C19="Spóźnione"), IF( ISBLANK( MAX( IF(ISNUMBER(INDEX(Zestawienie!C:C, 2*ROW()+1)), INDEX(Zestawienie!C:C, 2*ROW()+1), 0), IF(ISNUMBER(INDEX(Zestawienie!E:E, 2*ROW()+1)), INDEX(Zestawienie!E:E, 2*ROW()+1), 0), IF(ISNUMBER(INDEX(Zestawienie!G:G, 2*ROW()+1)), INDEX(Zestawienie!G:G, 2*ROW()+1), 0), IF(ISNUMBER(INDEX(Zestawienie!I:I, 2*ROW()+1)), INDEX(Zestawienie!I:I, 2*ROW()+1), 0), IF(ISNUMBER(INDEX(Zestawienie!K:K, 2*ROW()+1)), INDEX(Zestawienie!K:K, 2*ROW()+1), 0) ) ), "", IF(C19="Zajęte", TODAY()-MAX( IF(ISNUMBER(INDEX(Zestawienie!C:C, 2*ROW()+1)), INDEX(Zestawienie!C:C, 2*ROW()+1), 0), IF(ISNUMBER(INDEX(Zestawienie!E:E, 2*ROW()+1)), INDEX(Zestawienie!E:E, 2*ROW()+1), 0), IF(ISNUMBER(INDEX(Zestawienie!G:G, 2*ROW()+1)), INDEX(Zestawienie!G:G, 2*ROW()+1), 0), IF(ISNUMBER(INDEX(Zestawienie!I:I, 2*ROW()+1)), INDEX(Zestawienie!I:I, 2*ROW()+1), 0), IF(ISNUMBER(INDEX(Zestawienie!K:K, 2*ROW()+1)), INDEX(Zestawienie!K:K, 2*ROW()+1), 0) ), MAX(0, TODAY()-MAX( IF(ISNUMBER(INDEX(Zestawienie!C:C, 2*ROW()+1)), INDEX(Zestawienie!C:C, 2*ROW()+1), 0), IF(ISNUMBER(INDEX(Zestawienie!E:E, 2*ROW()+1)), INDEX(Zestawienie!E:E, 2*ROW()+1), 0), IF(ISNUMBER(INDEX(Zestawienie!G:G, 2*ROW()+1)), INDEX(Zestawienie!G:G, 2*ROW()+1), 0), IF(ISNUMBER(INDEX(Zestawienie!I:I, 2*ROW()+1)), INDEX(Zestawienie!I:I, 2*ROW()+1), 0), IF(ISNUMBER(INDEX(Zestawienie!K:K, 2*ROW()+1)), INDEX(Zestawienie!K:K, 2*ROW()+1), 0) )-120) ) ), "" ) ) ), "")} -> 383
A20: 19 | B20: =IFERROR(__xludf.DUMMYFUNCTION("IF( OR(C20=""Zajęte"", C20=""Spóźnione""), IFERROR( INDEX( FILTER( { INDEX(Zestawienie!K:K, ROW()*2); INDEX(Zestawienie!I:I, ROW()*2); INDEX(Zestawienie!G:G, ROW()*2); INDEX(Zestawienie!E:E, RO"&"W()*2); INDEX(Zestawienie!C:C, ROW()*2) }, { INDEX(Zestawienie!K:K, ROW()*2)<>"""" ; INDEX(Zestawienie!I:I, ROW()*2)<>"""" ; INDEX(Zestawienie!G:G, ROW()*2)<>"""" ; INDEX(Zestawienie!E:E, R"&"OW()*2)<>"""" ; INDEX(Zestawienie!C:C, ROW()*2)<>"""" } ), 1 ), """" ), """" ) "),"Wojewódzki Kamil") -> Wojewódzki Kamil | C20: {=IF( OR( AND(NOT(ISBLANK(INDEX(Zestawienie!C:C,ROW()*2+1))), INDEX(Zestawienie!C:C,ROW()*2+1)<TODAY()-120, ISBLANK(INDEX(Zestawienie!D:D,ROW()*2+1))), AND(NOT(ISBLANK(INDEX(Zestawienie!E:E,ROW()*2+1))), INDEX(Zestawienie!E:E,ROW()*2+1)<TODAY()-120, ISBLANK(INDEX(Zestawienie!F:F,ROW()*2+1))), AND(NOT(ISBLANK(INDEX(Zestawienie!G:G,ROW()*2+1))), INDEX(Zestawienie!G:G,ROW()*2+1)<TODAY()-120, ISBLANK(INDEX(Zestawienie!H:H,ROW()*2+1))), AND(NOT(ISBLANK(INDEX(Zestawienie!I:I,ROW()*2+1))), INDEX(Zestawienie!I:I,ROW()*2+1)<TODAY()-120, ISBLANK(INDEX(Zestawienie!J:J,ROW()*2+1))), AND(NOT(ISBLANK(INDEX(Zestawienie!K:K,ROW()*2+1))), INDEX(Zestawienie!K:K,ROW()*2+1)<TODAY()-120, ISBLANK(INDEX(Zestawienie!L:L,ROW()*2+1))) ), "Spóźnione", IF( OR( AND(NOT(ISBLANK(INDEX(Zestawienie!C:C,ROW()*2+1))), ISBLANK(INDEX(Zestawienie!D:D,ROW()*2+1))), AND(NOT(ISBLANK(INDEX(Zestawienie!E:E,ROW()*2+1))), ISBLANK(INDEX(Zestawienie!F:F,ROW()*2+1))), AND(NOT(ISBLANK(INDEX(Zestawienie!G:G,ROW()*2+1))), ISBLANK(INDEX(Zestawienie!H:H,ROW()*2+1))), AND(NOT(ISBLANK(INDEX(Zestawienie!I:I,ROW()*2+1))), ISBLANK(INDEX(Zestawienie!J:J,ROW()*2+1))), AND(NOT(ISBLANK(INDEX(Zestawienie!K:K,ROW()*2+1))), ISBLANK(INDEX(Zestawienie!L:L,ROW()*2+1))) ), "Zajęte", "Wolne" ) )} -> Spóźnione | D20: {=IFERROR( IF( ISBLANK(INDEX(Zestawienie!B:B, MATCH(A20, Zestawienie!A:A, 0))), "", IF(C20="Wolne", IF( OR( ISBLANK(INDEX(Zestawienie!B:B, MATCH(A20, Zestawienie!A:A, 0))), NOT(ISNUMBER(INDEX(Zestawienie!B:B, MATCH(A20, Zestawienie!A:A, 0)))) ), "", TODAY()-INDEX(Zestawienie!B:B, MATCH(A20, Zestawienie!A:A, 0)) ), IF(OR(C20="Zajęte", C20="Spóźnione"), IF( ISBLANK( MAX( IF(ISNUMBER(INDEX(Zestawienie!C:C, 2*ROW()+1)), INDEX(Zestawienie!C:C, 2*ROW()+1), 0), IF(ISNUMBER(INDEX(Zestawienie!E:E, 2*ROW()+1)), INDEX(Zestawienie!E:E, 2*ROW()+1), 0), IF(ISNUMBER(INDEX(Zestawienie!G:G, 2*ROW()+1)), INDEX(Zestawienie!G:G, 2*ROW()+1), 0), IF(ISNUMBER(INDEX(Zestawienie!I:I, 2*ROW()+1)), INDEX(Zestawienie!I:I, 2*ROW()+1), 0), IF(ISNUMBER(INDEX(Zestawienie!K:K, 2*ROW()+1)), INDEX(Zestawienie!K:K, 2*ROW()+1), 0) ) ), "", IF(C20="Zajęte", TODAY()-MAX( IF(ISNUMBER(INDEX(Zestawienie!C:C, 2*ROW()+1)), INDEX(Zestawienie!C:C, 2*ROW()+1), 0), IF(ISNUMBER(INDEX(Zestawienie!E:E, 2*ROW()+1)), INDEX(Zestawienie!E:E, 2*ROW()+1), 0), IF(ISNUMBER(INDEX(Zestawienie!G:G, 2*ROW()+1)), INDEX(Zestawienie!G:G, 2*ROW()+1), 0), IF(ISNUMBER(INDEX(Zestawienie!I:I, 2*ROW()+1)), INDEX(Zestawienie!I:I, 2*ROW()+1), 0), IF(ISNUMBER(INDEX(Zestawienie!K:K, 2*ROW()+1)), INDEX(Zestawienie!K:K, 2*ROW()+1), 0) ), MAX(0, TODAY()-MAX( IF(ISNUMBER(INDEX(Zestawienie!C:C, 2*ROW()+1)), INDEX(Zestawienie!C:C, 2*ROW()+1), 0), IF(ISNUMBER(INDEX(Zestawienie!E:E, 2*ROW()+1)), INDEX(Zestawienie!E:E, 2*ROW()+1), 0), IF(ISNUMBER(INDEX(Zestawienie!G:G, 2*ROW()+1)), INDEX(Zestawienie!G:G, 2*ROW()+1), 0), IF(ISNUMBER(INDEX(Zestawienie!I:I, 2*ROW()+1)), INDEX(Zestawienie!I:I, 2*ROW()+1), 0), IF(ISNUMBER(INDEX(Zestawienie!K:K, 2*ROW()+1)), INDEX(Zestawienie!K:K, 2*ROW()+1), 0) )-120) ) ), "" ) ) ), "")} -> 37
A21: 20 | B21: =IFERROR(__xludf.DUMMYFUNCTION("IF( OR(C21=""Zajęte"", C21=""Spóźnione""), IFERROR( INDEX( FILTER( { INDEX(Zestawienie!K:K, ROW()*2); INDEX(Zestawienie!I:I, ROW()*2); INDEX(Zestawienie!G:G, ROW()*2); INDEX(Zestawienie!E:E, RO"&"W()*2); INDEX(Zestawienie!C:C, ROW()*2) }, { INDEX(Zestawienie!K:K, ROW()*2)<>"""" ; INDEX(Zestawienie!I:I, ROW()*2)<>"""" ; INDEX(Zestawienie!G:G, ROW()*2)<>"""" ; INDEX(Zestawienie!E:E, R"&"OW()*2)<>"""" ; INDEX(Zestawienie!C:C, ROW()*2)<>"""" } ), 1 ), """" ), """" ) "),"") | C21: {=IF( OR( AND(NOT(ISBLANK(INDEX(Zestawienie!C:C,ROW()*2+1))), INDEX(Zestawienie!C:C,ROW()*2+1)<TODAY()-120, ISBLANK(INDEX(Zestawienie!D:D,ROW()*2+1))), AND(NOT(ISBLANK(INDEX(Zestawienie!E:E,ROW()*2+1))), INDEX(Zestawienie!E:E,ROW()*2+1)<TODAY()-120, ISBLANK(INDEX(Zestawienie!F:F,ROW()*2+1))), AND(NOT(ISBLANK(INDEX(Zestawienie!G:G,ROW()*2+1))), INDEX(Zestawienie!G:G,ROW()*2+1)<TODAY()-120, ISBLANK(INDEX(Zestawienie!H:H,ROW()*2+1))), AND(NOT(ISBLANK(INDEX(Zestawienie!I:I,ROW()*2+1))), INDEX(Zestawienie!I:I,ROW()*2+1)<TODAY()-120, ISBLANK(INDEX(Zestawienie!J:J,ROW()*2+1))), AND(NOT(ISBLANK(INDEX(Zestawienie!K:K,ROW()*2+1))), INDEX(Zestawienie!K:K,ROW()*2+1)<TODAY()-120, ISBLANK(INDEX(Zestawienie!L:L,ROW()*2+1))) ), "Spóźnione", IF( OR( AND(NOT(ISBLANK(INDEX(Zestawienie!C:C,ROW()*2+1))), ISBLANK(INDEX(Zestawienie!D:D,ROW()*2+1))), AND(NOT(ISBLANK(INDEX(Zestawienie!E:E,ROW()*2+1))), ISBLANK(INDEX(Zestawienie!F:F,ROW()*2+1))), AND(NOT(ISBLANK(INDEX(Zestawienie!G:G,ROW()*2+1))), ISBLANK(INDEX(Zestawienie!H:H,ROW()*2+1))), AND(NOT(ISBLANK(INDEX(Zestawienie!I:I,ROW()*2+1))), ISBLANK(INDEX(Zestawienie!J:J,ROW()*2+1))), AND(NOT(ISBLANK(INDEX(Zestawienie!K:K,ROW()*2+1))), ISBLANK(INDEX(Zestawienie!L:L,ROW()*2+1))) ), "Zajęte", "Wolne" ) )} -> Wolne | D21: {=IFERROR( IF( ISBLANK(INDEX(Zestawienie!B:B, MATCH(A21, Zestawienie!A:A, 0))), "", IF(C21="Wolne", IF( OR( ISBLANK(INDEX(Zestawienie!B:B, MATCH(A21, Zestawienie!A:A, 0))), NOT(ISNUMBER(INDEX(Zestawienie!B:B, MATCH(A21, Zestawienie!A:A, 0)))) ), "", TODAY()-INDEX(Zestawienie!B:B, MATCH(A21, Zestawienie!A:A, 0)) ), IF(OR(C21="Zajęte", C21="Spóźnione"), IF( ISBLANK( MAX( IF(ISNUMBER(INDEX(Zestawienie!C:C, 2*ROW()+1)), INDEX(Zestawienie!C:C, 2*ROW()+1), 0), IF(ISNUMBER(INDEX(Zestawienie!E:E, 2*ROW()+1)), INDEX(Zestawienie!E:E, 2*ROW()+1), 0), IF(ISNUMBER(INDEX(Zestawienie!G:G, 2*ROW()+1)), INDEX(Zestawienie!G:G, 2*ROW()+1), 0), IF(ISNUMBER(INDEX(Zestawienie!I:I, 2*ROW()+1)), INDEX(Zestawienie!I:I, 2*ROW()+1), 0), IF(ISNUMBER(INDEX(Zestawienie!K:K, 2*ROW()+1)), INDEX(Zestawienie!K:K, 2*ROW()+1), 0) ) ), "", IF(C21="Zajęte", TODAY()-MAX( IF(ISNUMBER(INDEX(Zestawienie!C:C, 2*ROW()+1)), INDEX(Zestawienie!C:C, 2*ROW()+1), 0), IF(ISNUMBER(INDEX(Zestawienie!E:E, 2*ROW()+1)), INDEX(Zestawienie!E:E, 2*ROW()+1), 0), IF(ISNUMBER(INDEX(Zestawienie!G:G, 2*ROW()+1)), INDEX(Zestawienie!G:G, 2*ROW()+1), 0), IF(ISNUMBER(INDEX(Zestawienie!I:I, 2*ROW()+1)), INDEX(Zestawienie!I:I, 2*ROW()+1), 0), IF(ISNUMBER(INDEX(Zestawienie!K:K, 2*ROW()+1)), INDEX(Zestawienie!K:K, 2*ROW()+1), 0) ), MAX(0, TODAY()-MAX( IF(ISNUMBER(INDEX(Zestawienie!C:C, 2*ROW()+1)), INDEX(Zestawienie!C:C, 2*ROW()+1), 0), IF(ISNUMBER(INDEX(Zestawienie!E:E, 2*ROW()+1)), INDEX(Zestawienie!E:E, 2*ROW()+1), 0), IF(ISNUMBER(INDEX(Zestawienie!G:G, 2*ROW()+1)), INDEX(Zestawienie!G:G, 2*ROW()+1), 0), IF(ISNUMBER(INDEX(Zestawienie!I:I, 2*ROW()+1)), INDEX(Zestawienie!I:I, 2*ROW()+1), 0), IF(ISNUMBER(INDEX(Zestawienie!K:K, 2*ROW()+1)), INDEX(Zestawienie!K:K, 2*ROW()+1), 0) )-120) ) ), "" ) ) ), "")} -> 158
A22: 21 | B22: =IFERROR(__xludf.DUMMYFUNCTION("IF( OR(C22=""Zajęte"", C22=""Spóźnione""), IFERROR( INDEX( FILTER( { INDEX(Zestawienie!K:K, ROW()*2); INDEX(Zestawienie!I:I, ROW()*2); INDEX(Zestawienie!G:G, ROW()*2); INDEX(Zestawienie!E:E, RO"&"W()*2); INDEX(Zestawienie!C:C, ROW()*2) }, { INDEX(Zestawienie!K:K, ROW()*2)<>"""" ; INDEX(Zestawienie!I:I, ROW()*2)<>"""" ; INDEX(Zestawienie!G:G, ROW()*2)<>"""" ; INDEX(Zestawienie!E:E, R"&"OW()*2)<>"""" ; INDEX(Zestawienie!C:C, ROW()*2)<>"""" } ), 1 ), """" ), """" ) "),"") | C22: {=IF( OR( AND(NOT(ISBLANK(INDEX(Zestawienie!C:C,ROW()*2+1))), INDEX(Zestawienie!C:C,ROW()*2+1)<TODAY()-120, ISBLANK(INDEX(Zestawienie!D:D,ROW()*2+1))), AND(NOT(ISBLANK(INDEX(Zestawienie!E:E,ROW()*2+1))), INDEX(Zestawienie!E:E,ROW()*2+1)<TODAY()-120, ISBLANK(INDEX(Zestawienie!F:F,ROW()*2+1))), AND(NOT(ISBLANK(INDEX(Zestawienie!G:G,ROW()*2+1))), INDEX(Zestawienie!G:G,ROW()*2+1)<TODAY()-120, ISBLANK(INDEX(Zestawienie!H:H,ROW()*2+1))), AND(NOT(ISBLANK(INDEX(Zestawienie!I:I,ROW()*2+1))), INDEX(Zestawienie!I:I,ROW()*2+1)<TODAY()-120, ISBLANK(INDEX(Zestawienie!J:J,ROW()*2+1))), AND(NOT(ISBLANK(INDEX(Zestawienie!K:K,ROW()*2+1))), INDEX(Zestawienie!K:K,ROW()*2+1)<TODAY()-120, ISBLANK(INDEX(Zestawienie!L:L,ROW()*2+1))) ), "Spóźnione", IF( OR( AND(NOT(ISBLANK(INDEX(Zestawienie!C:C,ROW()*2+1))), ISBLANK(INDEX(Zestawienie!D:D,ROW()*2+1))), AND(NOT(ISBLANK(INDEX(Zestawienie!E:E,ROW()*2+1))), ISBLANK(INDEX(Zestawienie!F:F,ROW()*2+1))), AND(NOT(ISBLANK(INDEX(Zestawienie!G:G,ROW()*2+1))), ISBLANK(INDEX(Zestawienie!H:H,ROW()*2+1))), AND(NOT(ISBLANK(INDEX(Zestawienie!I:I,ROW()*2+1))), ISBLANK(INDEX(Zestawienie!J:J,ROW()*2+1))), AND(NOT(ISBLANK(INDEX(Zestawienie!K:K,ROW()*2+1))), ISBLANK(INDEX(Zestawienie!L:L,ROW()*2+1))) ), "Zajęte", "Wolne" ) )} -> Wolne | D22: {=IFERROR( IF( ISBLANK(INDEX(Zestawienie!B:B, MATCH(A22, Zestawienie!A:A, 0))), "", IF(C22="Wolne", IF( OR( ISBLANK(INDEX(Zestawienie!B:B, MATCH(A22, Zestawienie!A:A, 0))), NOT(ISNUMBER(INDEX(Zestawienie!B:B, MATCH(A22, Zestawienie!A:A, 0)))) ), "", TODAY()-INDEX(Zestawienie!B:B, MATCH(A22, Zestawienie!A:A, 0)) ), IF(OR(C22="Zajęte", C22="Spóźnione"), IF( ISBLANK( MAX( IF(ISNUMBER(INDEX(Zestawienie!C:C, 2*ROW()+1)), INDEX(Zestawienie!C:C, 2*ROW()+1), 0), IF(ISNUMBER(INDEX(Zestawienie!E:E, 2*ROW()+1)), INDEX(Zestawienie!E:E, 2*ROW()+1), 0), IF(ISNUMBER(INDEX(Zestawienie!G:G, 2*ROW()+1)), INDEX(Zestawienie!G:G, 2*ROW()+1), 0), IF(ISNUMBER(INDEX(Zestawienie!I:I, 2*ROW()+1)), INDEX(Zestawienie!I:I, 2*ROW()+1), 0), IF(ISNUMBER(INDEX(Zestawienie!K:K, 2*ROW()+1)), INDEX(Zestawienie!K:K, 2*ROW()+1), 0) ) ), "", IF(C22="Zajęte", TODAY()-MAX( IF(ISNUMBER(INDEX(Zestawienie!C:C, 2*ROW()+1)), INDEX(Zestawienie!C:C, 2*ROW()+1), 0), IF(ISNUMBER(INDEX(Zestawienie!E:E, 2*ROW()+1)), INDEX(Zestawienie!E:E, 2*ROW()+1), 0), IF(ISNUMBER(INDEX(Zestawienie!G:G, 2*ROW()+1)), INDEX(Zestawienie!G:G, 2*ROW()+1), 0), IF(ISNUMBER(INDEX(Zestawienie!I:I, 2*ROW()+1)), INDEX(Zestawienie!I:I, 2*ROW()+1), 0), IF(ISNUMBER(INDEX(Zestawienie!K:K, 2*ROW()+1)), INDEX(Zestawienie!K:K, 2*ROW()+1), 0) ), MAX(0, TODAY()-MAX( IF(ISNUMBER(INDEX(Zestawienie!C:C, 2*ROW()+1)), INDEX(Zestawienie!C:C, 2*ROW()+1), 0), IF(ISNUMBER(INDEX(Zestawienie!E:E, 2*ROW()+1)), INDEX(Zestawienie!E:E, 2*ROW()+1), 0), IF(ISNUMBER(INDEX(Zestawienie!G:G, 2*ROW()+1)), INDEX(Zestawienie!G:G, 2*ROW()+1), 0), IF(ISNUMBER(INDEX(Zestawienie!I:I, 2*ROW()+1)), INDEX(Zestawienie!I:I, 2*ROW()+1), 0), IF(ISNUMBER(INDEX(Zestawienie!K:K, 2*ROW()+1)), INDEX(Zestawienie!K:K, 2*ROW()+1), 0) )-120) ) ), "" ) ) ), "")} -> 173
A23: 22 | B23: =IFERROR(__xludf.DUMMYFUNCTION("IF( OR(C23=""Zajęte"", C23=""Spóźnione""), IFERROR( INDEX( FILTER( { INDEX(Zestawienie!K:K, ROW()*2); INDEX(Zestawienie!I:I, ROW()*2); INDEX(Zestawienie!G:G, ROW()*2); INDEX(Zestawienie!E:E, RO"&"W()*2); INDEX(Zestawienie!C:C, ROW()*2) }, { INDEX(Zestawienie!K:K, ROW()*2)<>"""" ; INDEX(Zestawienie!I:I, ROW()*2)<>"""" ; INDEX(Zestawienie!G:G, ROW()*2)<>"""" ; INDEX(Zestawienie!E:E, R"&"OW()*2)<>"""" ; INDEX(Zestawienie!C:C, ROW()*2)<>"""" } ), 1 ), """" ), """" ) "),"") | C23: {=IF( OR( AND(NOT(ISBLANK(INDEX(Zestawienie!C:C,ROW()*2+1))), INDEX(Zestawienie!C:C,ROW()*2+1)<TODAY()-120, ISBLANK(INDEX(Zestawienie!D:D,ROW()*2+1))), AND(NOT(ISBLANK(INDEX(Zestawienie!E:E,ROW()*2+1))), INDEX(Zestawienie!E:E,ROW()*2+1)<TODAY()-120, ISBLANK(INDEX(Zestawienie!F:F,ROW()*2+1))), AND(NOT(ISBLANK(INDEX(Zestawienie!G:G,ROW()*2+1))), INDEX(Zestawienie!G:G,ROW()*2+1)<TODAY()-120, ISBLANK(INDEX(Zestawienie!H:H,ROW()*2+1))), AND(NOT(ISBLANK(INDEX(Zestawienie!I:I,ROW()*2+1))), INDEX(Zestawienie!I:I,ROW()*2+1)<TODAY()-120, ISBLANK(INDEX(Zestawienie!J:J,ROW()*2+1))), AND(NOT(ISBLANK(INDEX(Zestawienie!K:K,ROW()*2+1))), INDEX(Zestawienie!K:K,ROW()*2+1)<TODAY()-120, ISBLANK(INDEX(Zestawienie!L:L,ROW()*2+1))) ), "Spóźnione", IF( OR( AND(NOT(ISBLANK(INDEX(Zestawienie!C:C,ROW()*2+1))), ISBLANK(INDEX(Zestawienie!D:D,ROW()*2+1))), AND(NOT(ISBLANK(INDEX(Zestawienie!E:E,ROW()*2+1))), ISBLANK(INDEX(Zestawienie!F:F,ROW()*2+1))), AND(NOT(ISBLANK(INDEX(Zestawienie!G:G,ROW()*2+1))), ISBLANK(INDEX(Zestawienie!H:H,ROW()*2+1))), AND(NOT(ISBLANK(INDEX(Zestawienie!I:I,ROW()*2+1))), ISBLANK(INDEX(Zestawienie!J:J,ROW()*2+1))), AND(NOT(ISBLANK(INDEX(Zestawienie!K:K,ROW()*2+1))), ISBLANK(INDEX(Zestawienie!L:L,ROW()*2+1))) ), "Zajęte", "Wolne" ) )} -> Wolne | D23: {=IFERROR( IF( ISBLANK(INDEX(Zestawienie!B:B, MATCH(A23, Zestawienie!A:A, 0))), "", IF(C23="Wolne", IF( OR( ISBLANK(INDEX(Zestawienie!B:B, MATCH(A23, Zestawienie!A:A, 0))), NOT(ISNUMBER(INDEX(Zestawienie!B:B, MATCH(A23, Zestawienie!A:A, 0)))) ), "", TODAY()-INDEX(Zestawienie!B:B, MATCH(A23, Zestawienie!A:A, 0)) ), IF(OR(C23="Zajęte", C23="Spóźnione"), IF( ISBLANK( MAX( IF(ISNUMBER(INDEX(Zestawienie!C:C, 2*ROW()+1)), INDEX(Zestawienie!C:C, 2*ROW()+1), 0), IF(ISNUMBER(INDEX(Zestawienie!E:E, 2*ROW()+1)), INDEX(Zestawienie!E:E, 2*ROW()+1), 0), IF(ISNUMBER(INDEX(Zestawienie!G:G, 2*ROW()+1)), INDEX(Zestawienie!G:G, 2*ROW()+1), 0), IF(ISNUMBER(INDEX(Zestawienie!I:I, 2*ROW()+1)), INDEX(Zestawienie!I:I, 2*ROW()+1), 0), IF(ISNUMBER(INDEX(Zestawienie!K:K, 2*ROW()+1)), INDEX(Zestawienie!K:K, 2*ROW()+1), 0) ) ), "", IF(C23="Zajęte", TODAY()-MAX( IF(ISNUMBER(INDEX(Zestawienie!C:C, 2*ROW()+1)), INDEX(Zestawienie!C:C, 2*ROW()+1), 0), IF(ISNUMBER(INDEX(Zestawienie!E:E, 2*ROW()+1)), INDEX(Zestawienie!E:E, 2*ROW()+1), 0), IF(ISNUMBER(INDEX(Zestawienie!G:G, 2*ROW()+1)), INDEX(Zestawienie!G:G, 2*ROW()+1), 0), IF(ISNUMBER(INDEX(Zestawienie!I:I, 2*ROW()+1)), INDEX(Zestawienie!I:I, 2*ROW()+1), 0), IF(ISNUMBER(INDEX(Zestawienie!K:K, 2*ROW()+1)), INDEX(Zestawienie!K:K, 2*ROW()+1), 0) ), MAX(0, TODAY()-MAX( IF(ISNUMBER(INDEX(Zestawienie!C:C, 2*ROW()+1)), INDEX(Zestawienie!C:C, 2*ROW()+1), 0), IF(ISNUMBER(INDEX(Zestawienie!E:E, 2*ROW()+1)), INDEX(Zestawienie!E:E, 2*ROW()+1), 0), IF(ISNUMBER(INDEX(Zestawienie!G:G, 2*ROW()+1)), INDEX(Zestawienie!G:G, 2*ROW()+1), 0), IF(ISNUMBER(INDEX(Zestawienie!I:I, 2*ROW()+1)), INDEX(Zestawienie!I:I, 2*ROW()+1), 0), IF(ISNUMBER(INDEX(Zestawienie!K:K, 2*ROW()+1)), INDEX(Zestawienie!K:K, 2*ROW()+1), 0) )-120) ) ), "" ) ) ), "")} -> 157
A24: 23 | B24: =IFERROR(__xludf.DUMMYFUNCTION("IF( OR(C24=""Zajęte"", C24=""Spóźnione""), IFERROR( INDEX( FILTER( { INDEX(Zestawienie!K:K, ROW()*2); INDEX(Zestawienie!I:I, ROW()*2); INDEX(Zestawienie!G:G, ROW()*2); INDEX(Zestawienie!E:E, RO"&"W()*2); INDEX(Zestawienie!C:C, ROW()*2) }, { INDEX(Zestawienie!K:K, ROW()*2)<>"""" ; INDEX(Zestawienie!I:I, ROW()*2)<>"""" ; INDEX(Zestawienie!G:G, ROW()*2)<>"""" ; INDEX(Zestawienie!E:E, R"&"OW()*2)<>"""" ; INDEX(Zestawienie!C:C, ROW()*2)<>"""" } ), 1 ), """" ), """" ) "),"") | C24: {=IF( OR( AND(NOT(ISBLANK(INDEX(Zestawienie!C:C,ROW()*2+1))), INDEX(Zestawienie!C:C,ROW()*2+1)<TODAY()-120, ISBLANK(INDEX(Zestawienie!D:D,ROW()*2+1))), AND(NOT(ISBLANK(INDEX(Zestawienie!E:E,ROW()*2+1))), INDEX(Zestawienie!E:E,ROW()*2+1)<TODAY()-120, ISBLANK(INDEX(Zestawienie!F:F,ROW()*2+1))), AND(NOT(ISBLANK(INDEX(Zestawienie!G:G,ROW()*2+1))), INDEX(Zestawienie!G:G,ROW()*2+1)<TODAY()-120, ISBLANK(INDEX(Zestawienie!H:H,ROW()*2+1))), AND(NOT(ISBLANK(INDEX(Zestawienie!I:I,ROW()*2+1))), INDEX(Zestawienie!I:I,ROW()*2+1)<TODAY()-120, ISBLANK(INDEX(Zestawienie!J:J,ROW()*2+1))), AND(NOT(ISBLANK(INDEX(Zestawienie!K:K,ROW()*2+1))), INDEX(Zestawienie!K:K,ROW()*2+1)<TODAY()-120, ISBLANK(INDEX(Zestawienie!L:L,ROW()*2+1))) ), "Spóźnione", IF( OR( AND(NOT(ISBLANK(INDEX(Zestawienie!C:C,ROW()*2+1))), ISBLANK(INDEX(Zestawienie!D:D,ROW()*2+1))), AND(NOT(ISBLANK(INDEX(Zestawienie!E:E,ROW()*2+1))), ISBLANK(INDEX(Zestawienie!F:F,ROW()*2+1))), AND(NOT(ISBLANK(INDEX(Zestawienie!G:G,ROW()*2+1))), ISBLANK(INDEX(Zestawienie!H:H,ROW()*2+1))), AND(NOT(ISBLANK(INDEX(Zestawienie!I:I,ROW()*2+1))), ISBLANK(INDEX(Zestawienie!J:J,ROW()*2+1))), AND(NOT(ISBLANK(INDEX(Zestawienie!K:K,ROW()*2+1))), ISBLANK(INDEX(Zestawienie!L:L,ROW()*2+1))) ), "Zajęte", "Wolne" ) )} -> Wolne | D24: {=IFERROR( IF( ISBLANK(INDEX(Zestawienie!B:B, MATCH(A24, Zestawienie!A:A, 0))), "", IF(C24="Wolne", IF( OR( ISBLANK(INDEX(Zestawienie!B:B, MATCH(A24, Zestawienie!A:A, 0))), NOT(ISNUMBER(INDEX(Zestawienie!B:B, MATCH(A24, Zestawienie!A:A, 0)))) ), "", TODAY()-INDEX(Zestawienie!B:B, MATCH(A24, Zestawienie!A:A, 0)) ), IF(OR(C24="Zajęte", C24="Spóźnione"), IF( ISBLANK( MAX( IF(ISNUMBER(INDEX(Zestawienie!C:C, 2*ROW()+1)), INDEX(Zestawienie!C:C, 2*ROW()+1), 0), IF(ISNUMBER(INDEX(Zestawienie!E:E, 2*ROW()+1)), INDEX(Zestawienie!E:E, 2*ROW()+1), 0), IF(ISNUMBER(INDEX(Zestawienie!G:G, 2*ROW()+1)), INDEX(Zestawienie!G:G, 2*ROW()+1), 0), IF(ISNUMBER(INDEX(Zestawienie!I:I, 2*ROW()+1)), INDEX(Zestawienie!I:I, 2*ROW()+1), 0), IF(ISNUMBER(INDEX(Zestawienie!K:K, 2*ROW()+1)), INDEX(Zestawienie!K:K, 2*ROW()+1), 0) ) ), "", IF(C24="Zajęte", TODAY()-MAX( IF(ISNUMBER(INDEX(Zestawienie!C:C, 2*ROW()+1)), INDEX(Zestawienie!C:C, 2*ROW()+1), 0), IF(ISNUMBER(INDEX(Zestawienie!E:E, 2*ROW()+1)), INDEX(Zestawienie!E:E, 2*ROW()+1), 0), IF(ISNUMBER(INDEX(Zestawienie!G:G, 2*ROW()+1)), INDEX(Zestawienie!G:G, 2*ROW()+1), 0), IF(ISNUMBER(INDEX(Zestawienie!I:I, 2*ROW()+1)), INDEX(Zestawienie!I:I, 2*ROW()+1), 0), IF(ISNUMBER(INDEX(Zestawienie!K:K, 2*ROW()+1)), INDEX(Zestawienie!K:K, 2*ROW()+1), 0) ), MAX(0, TODAY()-MAX( IF(ISNUMBER(INDEX(Zestawienie!C:C, 2*ROW()+1)), INDEX(Zestawienie!C:C, 2*ROW()+1), 0), IF(ISNUMBER(INDEX(Zestawienie!E:E, 2*ROW()+1)), INDEX(Zestawienie!E:E, 2*ROW()+1), 0), IF(ISNUMBER(INDEX(Zestawienie!G:G, 2*ROW()+1)), INDEX(Zestawienie!G:G, 2*ROW()+1), 0), IF(ISNUMBER(INDEX(Zestawienie!I:I, 2*ROW()+1)), INDEX(Zestawienie!I:I, 2*ROW()+1), 0), IF(ISNUMBER(INDEX(Zestawienie!K:K, 2*ROW()+1)), INDEX(Zestawienie!K:K, 2*ROW()+1), 0) )-120) ) ), "" ) ) ), "")} -> 170
A25: 24 | B25: =IFERROR(__xludf.DUMMYFUNCTION("IF( OR(C25=""Zajęte"", C25=""Spóźnione""), IFERROR( INDEX( FILTER( { INDEX(Zestawienie!K:K, ROW()*2); INDEX(Zestawienie!I:I, ROW()*2); INDEX(Zestawienie!G:G, ROW()*2); INDEX(Zestawienie!E:E, RO"&"W()*2); INDEX(Zestawienie!C:C, ROW()*2) }, { INDEX(Zestawienie!K:K, ROW()*2)<>"""" ; INDEX(Zestawienie!I:I, ROW()*2)<>"""" ; INDEX(Zestawienie!G:G, ROW()*2)<>"""" ; INDEX(Zestawienie!E:E, R"&"OW()*2)<>"""" ; INDEX(Zestawienie!C:C, ROW()*2)<>"""" } ), 1 ), """" ), """" ) "),"") | C25: {=IF( OR( AND(NOT(ISBLANK(INDEX(Zestawienie!C:C,ROW()*2+1))), INDEX(Zestawienie!C:C,ROW()*2+1)<TODAY()-120, ISBLANK(INDEX(Zestawienie!D:D,ROW()*2+1))), AND(NOT(ISBLANK(INDEX(Zestawienie!E:E,ROW()*2+1))), INDEX(Zestawienie!E:E,ROW()*2+1)<TODAY()-120, ISBLANK(INDEX(Zestawienie!F:F,ROW()*2+1))), AND(NOT(ISBLANK(INDEX(Zestawienie!G:G,ROW()*2+1))), INDEX(Zestawienie!G:G,ROW()*2+1)<TODAY()-120, ISBLANK(INDEX(Zestawienie!H:H,ROW()*2+1))), AND(NOT(ISBLANK(INDEX(Zestawienie!I:I,ROW()*2+1))), INDEX(Zestawienie!I:I,ROW()*2+1)<TODAY()-120, ISBLANK(INDEX(Zestawienie!J:J,ROW()*2+1))), AND(NOT(ISBLANK(INDEX(Zestawienie!K:K,ROW()*2+1))), INDEX(Zestawienie!K:K,ROW()*2+1)<TODAY()-120, ISBLANK(INDEX(Zestawienie!L:L,ROW()*2+1))) ), "Spóźnione", IF( OR( AND(NOT(ISBLANK(INDEX(Zestawienie!C:C,ROW()*2+1))), ISBLANK(INDEX(Zestawienie!D:D,ROW()*2+1))), AND(NOT(ISBLANK(INDEX(Zestawienie!E:E,ROW()*2+1))), ISBLANK(INDEX(Zestawienie!F:F,ROW()*2+1))), AND(NOT(ISBLANK(INDEX(Zestawienie!G:G,ROW()*2+1))), ISBLANK(INDEX(Zestawienie!H:H,ROW()*2+1))), AND(NOT(ISBLANK(INDEX(Zestawienie!I:I,ROW()*2+1))), ISBLANK(INDEX(Zestawienie!J:J,ROW()*2+1))), AND(NOT(ISBLANK(INDEX(Zestawienie!K:K,ROW()*2+1))), ISBLANK(INDEX(Zestawienie!L:L,ROW()*2+1))) ), "Zajęte", "Wolne" ) )} -> Wolne | D25: {=IFERROR( IF( ISBLANK(INDEX(Zestawienie!B:B, MATCH(A25, Zestawienie!A:A, 0))), "", IF(C25="Wolne", IF( OR( ISBLANK(INDEX(Zestawienie!B:B, MATCH(A25, Zestawienie!A:A, 0))), NOT(ISNUMBER(INDEX(Zestawienie!B:B, MATCH(A25, Zestawienie!A:A, 0)))) ), "", TODAY()-INDEX(Zestawienie!B:B, MATCH(A25, Zestawienie!A:A, 0)) ), IF(OR(C25="Zajęte", C25="Spóźnione"), IF( ISBLANK( MAX( IF(ISNUMBER(INDEX(Zestawienie!C:C, 2*ROW()+1)), INDEX(Zestawienie!C:C, 2*ROW()+1), 0), IF(ISNUMBER(INDEX(Zestawienie!E:E, 2*ROW()+1)), INDEX(Zestawienie!E:E, 2*ROW()+1), 0), IF(ISNUMBER(INDEX(Zestawienie!G:G, 2*ROW()+1)), INDEX(Zestawienie!G:G, 2*ROW()+1), 0), IF(ISNUMBER(INDEX(Zestawienie!I:I, 2*ROW()+1)), INDEX(Zestawienie!I:I, 2*ROW()+1), 0), IF(ISNUMBER(INDEX(Zestawienie!K:K, 2*ROW()+1)), INDEX(Zestawienie!K:K, 2*ROW()+1), 0) ) ), "", IF(C25="Zajęte", TODAY()-MAX( IF(ISNUMBER(INDEX(Zestawienie!C:C, 2*ROW()+1)), INDEX(Zestawienie!C:C, 2*ROW()+1), 0), IF(ISNUMBER(INDEX(Zestawienie!E:E, 2*ROW()+1)), INDEX(Zestawienie!E:E, 2*ROW()+1), 0), IF(ISNUMBER(INDEX(Zestawienie!G:G, 2*ROW()+1)), INDEX(Zestawienie!G:G, 2*ROW()+1), 0), IF(ISNUMBER(INDEX(Zestawienie!I:I, 2*ROW()+1)), INDEX(Zestawienie!I:I, 2*ROW()+1), 0), IF(ISNUMBER(INDEX(Zestawienie!K:K, 2*ROW()+1)), INDEX(Zestawienie!K:K, 2*ROW()+1), 0) ), MAX(0, TODAY()-MAX( IF(ISNUMBER(INDEX(Zestawienie!C:C, 2*ROW()+1)), INDEX(Zestawienie!C:C, 2*ROW()+1), 0), IF(ISNUMBER(INDEX(Zestawienie!E:E, 2*ROW()+1)), INDEX(Zestawienie!E:E, 2*ROW()+1), 0), IF(ISNUMBER(INDEX(Zestawienie!G:G, 2*ROW()+1)), INDEX(Zestawienie!G:G, 2*ROW()+1), 0), IF(ISNUMBER(INDEX(Zestawienie!I:I, 2*ROW()+1)), INDEX(Zestawienie!I:I, 2*ROW()+1), 0), IF(ISNUMBER(INDEX(Zestawienie!K:K, 2*ROW()+1)), INDEX(Zestawienie!K:K, 2*ROW()+1), 0) )-120) ) ), "" ) ) ), "")} -> 64
A26: 25 | B26: =IFERROR(__xludf.DUMMYFUNCTION("IF( OR(C26=""Zajęte"", C26=""Spóźnione""), IFERROR( INDEX( FILTER( { INDEX(Zestawienie!K:K, ROW()*2); INDEX(Zestawienie!I:I, ROW()*2); INDEX(Zestawienie!G:G, ROW()*2); INDEX(Zestawienie!E:E, RO"&"W()*2); INDEX(Zestawienie!C:C, ROW()*2) }, { INDEX(Zestawienie!K:K, ROW()*2)<>"""" ; INDEX(Zestawienie!I:I, ROW()*2)<>"""" ; INDEX(Zestawienie!G:G, ROW()*2)<>"""" ; INDEX(Zestawienie!E:E, R"&"OW()*2)<>"""" ; INDEX(Zestawienie!C:C, ROW()*2)<>"""" } ), 1 ), """" ), """" ) "),"") | C26: {=IF( OR( AND(NOT(ISBLANK(INDEX(Zestawienie!C:C,ROW()*2+1))), INDEX(Zestawienie!C:C,ROW()*2+1)<TODAY()-120, ISBLANK(INDEX(Zestawienie!D:D,ROW()*2+1))), AND(NOT(ISBLANK(INDEX(Zestawienie!E:E,ROW()*2+1))), INDEX(Zestawienie!E:E,ROW()*2+1)<TODAY()-120, ISBLANK(INDEX(Zestawienie!F:F,ROW()*2+1))), AND(NOT(ISBLANK(INDEX(Zestawienie!G:G,ROW()*2+1))), INDEX(Zestawienie!G:G,ROW()*2+1)<TODAY()-120, ISBLANK(INDEX(Zestawienie!H:H,ROW()*2+1))), AND(NOT(ISBLANK(INDEX(Zestawienie!I:I,ROW()*2+1))), INDEX(Zestawienie!I:I,ROW()*2+1)<TODAY()-120, ISBLANK(INDEX(Zestawienie!J:J,ROW()*2+1))), AND(NOT(ISBLANK(INDEX(Zestawienie!K:K,ROW()*2+1))), INDEX(Zestawienie!K:K,ROW()*2+1)<TODAY()-120, ISBLANK(INDEX(Zestawienie!L:L,ROW()*2+1))) ), "Spóźnione", IF( OR( AND(NOT(ISBLANK(INDEX(Zestawienie!C:C,ROW()*2+1))), ISBLANK(INDEX(Zestawienie!D:D,ROW()*2+1))), AND(NOT(ISBLANK(INDEX(Zestawienie!E:E,ROW()*2+1))), ISBLANK(INDEX(Zestawienie!F:F,ROW()*2+1))), AND(NOT(ISBLANK(INDEX(Zestawienie!G:G,ROW()*2+1))), ISBLANK(INDEX(Zestawienie!H:H,ROW()*2+1))), AND(NOT(ISBLANK(INDEX(Zestawienie!I:I,ROW()*2+1))), ISBLANK(INDEX(Zestawienie!J:J,ROW()*2+1))), AND(NOT(ISBLANK(INDEX(Zestawienie!K:K,ROW()*2+1))), ISBLANK(INDEX(Zestawienie!L:L,ROW()*2+1))) ), "Zajęte", "Wolne" ) )} -> Wolne | D26: {=IFERROR( IF( ISBLANK(INDEX(Zestawienie!B:B, MATCH(A26, Zestawienie!A:A, 0))), "", IF(C26="Wolne", IF( OR( ISBLANK(INDEX(Zestawienie!B:B, MATCH(A26, Zestawienie!A:A, 0))), NOT(ISNUMBER(INDEX(Zestawienie!B:B, MATCH(A26, Zestawienie!A:A, 0)))) ), "", TODAY()-INDEX(Zestawienie!B:B, MATCH(A26, Zestawienie!A:A, 0)) ), IF(OR(C26="Zajęte", C26="Spóźnione"), IF( ISBLANK( MAX( IF(ISNUMBER(INDEX(Zestawienie!C:C, 2*ROW()+1)), INDEX(Zestawienie!C:C, 2*ROW()+1), 0), IF(ISNUMBER(INDEX(Zestawienie!E:E, 2*ROW()+1)), INDEX(Zestawienie!E:E, 2*ROW()+1), 0), IF(ISNUMBER(INDEX(Zestawienie!G:G, 2*ROW()+1)), INDEX(Zestawienie!G:G, 2*ROW()+1), 0), IF(ISNUMBER(INDEX(Zestawienie!I:I, 2*ROW()+1)), INDEX(Zestawienie!I:I, 2*ROW()+1), 0), IF(ISNUMBER(INDEX(Zestawienie!K:K, 2*ROW()+1)), INDEX(Zestawienie!K:K, 2*ROW()+1), 0) ) ), "", IF(C26="Zajęte", TODAY()-MAX( IF(ISNUMBER(INDEX(Zestawienie!C:C, 2*ROW()+1)), INDEX(Zestawienie!C:C, 2*ROW()+1), 0), IF(ISNUMBER(INDEX(Zestawienie!E:E, 2*ROW()+1)), INDEX(Zestawienie!E:E, 2*ROW()+1), 0), IF(ISNUMBER(INDEX(Zestawienie!G:G, 2*ROW()+1)), INDEX(Zestawienie!G:G, 2*ROW()+1), 0), IF(ISNUMBER(INDEX(Zestawienie!I:I, 2*ROW()+1)), INDEX(Zestawienie!I:I, 2*ROW()+1), 0), IF(ISNUMBER(INDEX(Zestawienie!K:K, 2*ROW()+1)), INDEX(Zestawienie!K:K, 2*ROW()+1), 0) ), MAX(0, TODAY()-MAX( IF(ISNUMBER(INDEX(Zestawienie!C:C, 2*ROW()+1)), INDEX(Zestawienie!C:C, 2*ROW()+1), 0), IF(ISNUMBER(INDEX(Zestawienie!E:E, 2*ROW()+1)), INDEX(Zestawienie!E:E, 2*ROW()+1), 0), IF(ISNUMBER(INDEX(Zestawienie!G:G, 2*ROW()+1)), INDEX(Zestawienie!G:G, 2*ROW()+1), 0), IF(ISNUMBER(INDEX(Zestawienie!I:I, 2*ROW()+1)), INDEX(Zestawienie!I:I, 2*ROW()+1), 0), IF(ISNUMBER(INDEX(Zestawienie!K:K, 2*ROW()+1)), INDEX(Zestawienie!K:K, 2*ROW()+1), 0) )-120) ) ), "" ) ) ), "")} -> 92
A27: 26 | B27: =IFERROR(__xludf.DUMMYFUNCTION("IF( OR(C27=""Zajęte"", C27=""Spóźnione""), IFERROR( INDEX( FILTER( { INDEX(Zestawienie!K:K, ROW()*2); INDEX(Zestawienie!I:I, ROW()*2); INDEX(Zestawienie!G:G, ROW()*2); INDEX(Zestawienie!E:E, RO"&"W()*2); INDEX(Zestawienie!C:C, ROW()*2) }, { INDEX(Zestawienie!K:K, ROW()*2)<>"""" ; INDEX(Zestawienie!I:I, ROW()*2)<>"""" ; INDEX(Zestawienie!G:G, ROW()*2)<>"""" ; INDEX(Zestawienie!E:E, R"&"OW()*2)<>"""" ; INDEX(Zestawienie!C:C, ROW()*2)<>"""" } ), 1 ), """" ), """" ) "),"Fabczak Oliwia") -> Fabczak Oliwia | C27: {=IF( OR( AND(NOT(ISBLANK(INDEX(Zestawienie!C:C,ROW()*2+1))), INDEX(Zestawienie!C:C,ROW()*2+1)<TODAY()-120, ISBLANK(INDEX(Zestawienie!D:D,ROW()*2+1))), AND(NOT(ISBLANK(INDEX(Zestawienie!E:E,ROW()*2+1))), INDEX(Zestawienie!E:E,ROW()*2+1)<TODAY()-120, ISBLANK(INDEX(Zestawienie!F:F,ROW()*2+1))), AND(NOT(ISBLANK(INDEX(Zestawienie!G:G,ROW()*2+1))), INDEX(Zestawienie!G:G,ROW()*2+1)<TODAY()-120, ISBLANK(INDEX(Zestawienie!H:H,ROW()*2+1))), AND(NOT(ISBLANK(INDEX(Zestawienie!I:I,ROW()*2+1))), INDEX(Zestawienie!I:I,ROW()*2+1)<TODAY()-120, ISBLANK(INDEX(Zestawienie!J:J,ROW()*2+1))), AND(NOT(ISBLANK(INDEX(Zestawienie!K:K,ROW()*2+1))), INDEX(Zestawienie!K:K,ROW()*2+1)<TODAY()-120, ISBLANK(INDEX(Zestawienie!L:L,ROW()*2+1))) ), "Spóźnione", IF( OR( AND(NOT(ISBLANK(INDEX(Zestawienie!C:C,ROW()*2+1))), ISBLANK(INDEX(Zestawienie!D:D,ROW()*2+1))), AND(NOT(ISBLANK(INDEX(Zestawienie!E:E,ROW()*2+1))), ISBLANK(INDEX(Zestawienie!F:F,ROW()*2+1))), AND(NOT(ISBLANK(INDEX(Zestawienie!G:G,ROW()*2+1))), ISBLANK(INDEX(Zestawienie!H:H,ROW()*2+1))), AND(NOT(ISBLANK(INDEX(Zestawienie!I:I,ROW()*2+1))), ISBLANK(INDEX(Zestawienie!J:J,ROW()*2+1))), AND(NOT(ISBLANK(INDEX(Zestawienie!K:K,ROW()*2+1))), ISBLANK(INDEX(Zestawienie!L:L,ROW()*2+1))) ), "Zajęte", "Wolne" ) )} -> Zajęte | D27: {=IFERROR( IF( ISBLANK(INDEX(Zestawienie!B:B, MATCH(A27, Zestawienie!A:A, 0))), "", IF(C27="Wolne", IF( OR( ISBLANK(INDEX(Zestawienie!B:B, MATCH(A27, Zestawienie!A:A, 0))), NOT(ISNUMBER(INDEX(Zestawienie!B:B, MATCH(A27, Zestawienie!A:A, 0)))) ), "", TODAY()-INDEX(Zestawienie!B:B, MATCH(A27, Zestawienie!A:A, 0)) ), IF(OR(C27="Zajęte", C27="Spóźnione"), IF( ISBLANK( MAX( IF(ISNUMBER(INDEX(Zestawienie!C:C, 2*ROW()+1)), INDEX(Zestawienie!C:C, 2*ROW()+1), 0), IF(ISNUMBER(INDEX(Zestawienie!E:E, 2*ROW()+1)), INDEX(Zestawienie!E:E, 2*ROW()+1), 0), IF(ISNUMBER(INDEX(Zestawienie!G:G, 2*ROW()+1)), INDEX(Zestawienie!G:G, 2*ROW()+1), 0), IF(ISNUMBER(INDEX(Zestawienie!I:I, 2*ROW()+1)), INDEX(Zestawienie!I:I, 2*ROW()+1), 0), IF(ISNUMBER(INDEX(Zestawienie!K:K, 2*ROW()+1)), INDEX(Zestawienie!K:K, 2*ROW()+1), 0) ) ), "", IF(C27="Zajęte", TODAY()-MAX( IF(ISNUMBER(INDEX(Zestawienie!C:C, 2*ROW()+1)), INDEX(Zestawienie!C:C, 2*ROW()+1), 0), IF(ISNUMBER(INDEX(Zestawienie!E:E, 2*ROW()+1)), INDEX(Zestawienie!E:E, 2*ROW()+1), 0), IF(ISNUMBER(INDEX(Zestawienie!G:G, 2*ROW()+1)), INDEX(Zestawienie!G:G, 2*ROW()+1), 0), IF(ISNUMBER(INDEX(Zestawienie!I:I, 2*ROW()+1)), INDEX(Zestawienie!I:I, 2*ROW()+1), 0), IF(ISNUMBER(INDEX(Zestawienie!K:K, 2*ROW()+1)), INDEX(Zestawienie!K:K, 2*ROW()+1), 0) ), MAX(0, TODAY()-MAX( IF(ISNUMBER(INDEX(Zestawienie!C:C, 2*ROW()+1)), INDEX(Zestawienie!C:C, 2*ROW()+1), 0), IF(ISNUMBER(INDEX(Zestawienie!E:E, 2*ROW()+1)), INDEX(Zestawienie!E:E, 2*ROW()+1), 0), IF(ISNUMBER(INDEX(Zestawienie!G:G, 2*ROW()+1)), INDEX(Zestawienie!G:G, 2*ROW()+1), 0), IF(ISNUMBER(INDEX(Zestawienie!I:I, 2*ROW()+1)), INDEX(Zestawienie!I:I, 2*ROW()+1), 0), IF(ISNUMBER(INDEX(Zestawienie!K:K, 2*ROW()+1)), INDEX(Zestawienie!K:K, 2*ROW()+1), 0) )-120) ) ), "" ) ) ), "")} -> 15
A28: 27 | B28: =IFERROR(__xludf.DUMMYFUNCTION("IF( OR(C28=""Zajęte"", C28=""Spóźnione""), IFERROR( INDEX( FILTER( { INDEX(Zestawienie!K:K, ROW()*2); INDEX(Zestawienie!I:I, ROW()*2); INDEX(Zestawienie!G:G, ROW()*2); INDEX(Zestawienie!E:E, RO"&"W()*2); INDEX(Zestawienie!C:C, ROW()*2) }, { INDEX(Zestawienie!K:K, ROW()*2)<>"""" ; INDEX(Zestawienie!I:I, ROW()*2)<>"""" ; INDEX(Zestawienie!G:G, ROW()*2)<>"""" ; INDEX(Zestawienie!E:E, R"&"OW()*2)<>"""" ; INDEX(Zestawienie!C:C, ROW()*2)<>"""" } ), 1 ), """" ), """" ) "),"") | C28: {=IF( OR( AND(NOT(ISBLANK(INDEX(Zestawienie!C:C,ROW()*2+1))), INDEX(Zestawienie!C:C,ROW()*2+1)<TODAY()-120, ISBLANK(INDEX(Zestawienie!D:D,ROW()*2+1))), AND(NOT(ISBLANK(INDEX(Zestawienie!E:E,ROW()*2+1))), INDEX(Zestawienie!E:E,ROW()*2+1)<TODAY()-120, ISBLANK(INDEX(Zestawienie!F:F,ROW()*2+1))), AND(NOT(ISBLANK(INDEX(Zestawienie!G:G,ROW()*2+1))), INDEX(Zestawienie!G:G,ROW()*2+1)<TODAY()-120, ISBLANK(INDEX(Zestawienie!H:H,ROW()*2+1))), AND(NOT(ISBLANK(INDEX(Zestawienie!I:I,ROW()*2+1))), INDEX(Zestawienie!I:I,ROW()*2+1)<TODAY()-120, ISBLANK(INDEX(Zestawienie!J:J,ROW()*2+1))), AND(NOT(ISBLANK(INDEX(Zestawienie!K:K,ROW()*2+1))), INDEX(Zestawienie!K:K,ROW()*2+1)<TODAY()-120, ISBLANK(INDEX(Zestawienie!L:L,ROW()*2+1))) ), "Spóźnione", IF( OR( AND(NOT(ISBLANK(INDEX(Zestawienie!C:C,ROW()*2+1))), ISBLANK(INDEX(Zestawienie!D:D,ROW()*2+1))), AND(NOT(ISBLANK(INDEX(Zestawienie!E:E,ROW()*2+1))), ISBLANK(INDEX(Zestawienie!F:F,ROW()*2+1))), AND(NOT(ISBLANK(INDEX(Zestawienie!G:G,ROW()*2+1))), ISBLANK(INDEX(Zestawienie!H:H,ROW()*2+1))), AND(NOT(ISBLANK(INDEX(Zestawienie!I:I,ROW()*2+1))), ISBLANK(INDEX(Zestawienie!J:J,ROW()*2+1))), AND(NOT(ISBLANK(INDEX(Zestawienie!K:K,ROW()*2+1))), ISBLANK(INDEX(Zestawienie!L:L,ROW()*2+1))) ), "Zajęte", "Wolne" ) )} -> Wolne | D28: {=IFERROR( IF( ISBLANK(INDEX(Zestawienie!B:B, MATCH(A28, Zestawienie!A:A, 0))), "", IF(C28="Wolne", IF( OR( ISBLANK(INDEX(Zestawienie!B:B, MATCH(A28, Zestawienie!A:A, 0))), NOT(ISNUMBER(INDEX(Zestawienie!B:B, MATCH(A28, Zestawienie!A:A, 0)))) ), "", TODAY()-INDEX(Zestawienie!B:B, MATCH(A28, Zestawienie!A:A, 0)) ), IF(OR(C28="Zajęte", C28="Spóźnione"), IF( ISBLANK( MAX( IF(ISNUMBER(INDEX(Zestawienie!C:C, 2*ROW()+1)), INDEX(Zestawienie!C:C, 2*ROW()+1), 0), IF(ISNUMBER(INDEX(Zestawienie!E:E, 2*ROW()+1)), INDEX(Zestawienie!E:E, 2*ROW()+1), 0), IF(ISNUMBER(INDEX(Zestawienie!G:G, 2*ROW()+1)), INDEX(Zestawienie!G:G, 2*ROW()+1), 0), IF(ISNUMBER(INDEX(Zestawienie!I:I, 2*ROW()+1)), INDEX(Zestawienie!I:I, 2*ROW()+1), 0), IF(ISNUMBER(INDEX(Zestawienie!K:K, 2*ROW()+1)), INDEX(Zestawienie!K:K, 2*ROW()+1), 0) ) ), "", IF(C28="Zajęte", TODAY()-MAX( IF(ISNUMBER(INDEX(Zestawienie!C:C, 2*ROW()+1)), INDEX(Zestawienie!C:C, 2*ROW()+1), 0), IF(ISNUMBER(INDEX(Zestawienie!E:E, 2*ROW()+1)), INDEX(Zestawienie!E:E, 2*ROW()+1), 0), IF(ISNUMBER(INDEX(Zestawienie!G:G, 2*ROW()+1)), INDEX(Zestawienie!G:G, 2*ROW()+1), 0), IF(ISNUMBER(INDEX(Zestawienie!I:I, 2*ROW()+1)), INDEX(Zestawienie!I:I, 2*ROW()+1), 0), IF(ISNUMBER(INDEX(Zestawienie!K:K, 2*ROW()+1)), INDEX(Zestawienie!K:K, 2*ROW()+1), 0) ), MAX(0, TODAY()-MAX( IF(ISNUMBER(INDEX(Zestawienie!C:C, 2*ROW()+1)), INDEX(Zestawienie!C:C, 2*ROW()+1), 0), IF(ISNUMBER(INDEX(Zestawienie!E:E, 2*ROW()+1)), INDEX(Zestawienie!E:E, 2*ROW()+1), 0), IF(ISNUMBER(INDEX(Zestawienie!G:G, 2*ROW()+1)), INDEX(Zestawienie!G:G, 2*ROW()+1), 0), IF(ISNUMBER(INDEX(Zestawienie!I:I, 2*ROW()+1)), INDEX(Zestawienie!I:I, 2*ROW()+1), 0), IF(ISNUMBER(INDEX(Zestawienie!K:K, 2*ROW()+1)), INDEX(Zestawienie!K:K, 2*ROW()+1), 0) )-120) ) ), "" ) ) ), "")} -> 99
A29: 28 | B29: =IFERROR(__xludf.DUMMYFUNCTION("IF( OR(C29=""Zajęte"", C29=""Spóźnione""), IFERROR( INDEX( FILTER( { INDEX(Zestawienie!K:K, ROW()*2); INDEX(Zestawienie!I:I, ROW()*2); INDEX(Zestawienie!G:G, ROW()*2); INDEX(Zestawienie!E:E, RO"&"W()*2); INDEX(Zestawienie!C:C, ROW()*2) }, { INDEX(Zestawienie!K:K, ROW()*2)<>"""" ; INDEX(Zestawienie!I:I, ROW()*2)<>"""" ; INDEX(Zestawienie!G:G, ROW()*2)<>"""" ; INDEX(Zestawienie!E:E, R"&"OW()*2)<>"""" ; INDEX(Zestawienie!C:C, ROW()*2)<>"""" } ), 1 ), """" ), """" ) "),"") | C29: {=IF( OR( AND(NOT(ISBLANK(INDEX(Zestawienie!C:C,ROW()*2+1))), INDEX(Zestawienie!C:C,ROW()*2+1)<TODAY()-120, ISBLANK(INDEX(Zestawienie!D:D,ROW()*2+1))), AND(NOT(ISBLANK(INDEX(Zestawienie!E:E,ROW()*2+1))), INDEX(Zestawienie!E:E,ROW()*2+1)<TODAY()-120, ISBLANK(INDEX(Zestawienie!F:F,ROW()*2+1))), AND(NOT(ISBLANK(INDEX(Zestawienie!G:G,ROW()*2+1))), INDEX(Zestawienie!G:G,ROW()*2+1)<TODAY()-120, ISBLANK(INDEX(Zestawienie!H:H,ROW()*2+1))), AND(NOT(ISBLANK(INDEX(Zestawienie!I:I,ROW()*2+1))), INDEX(Zestawienie!I:I,ROW()*2+1)<TODAY()-120, ISBLANK(INDEX(Zestawienie!J:J,ROW()*2+1))), AND(NOT(ISBLANK(INDEX(Zestawienie!K:K,ROW()*2+1))), INDEX(Zestawienie!K:K,ROW()*2+1)<TODAY()-120, ISBLANK(INDEX(Zestawienie!L:L,ROW()*2+1))) ), "Spóźnione", IF( OR( AND(NOT(ISBLANK(INDEX(Zestawienie!C:C,ROW()*2+1))), ISBLANK(INDEX(Zestawienie!D:D,ROW()*2+1))), AND(NOT(ISBLANK(INDEX(Zestawienie!E:E,ROW()*2+1))), ISBLANK(INDEX(Zestawienie!F:F,ROW()*2+1))), AND(NOT(ISBLANK(INDEX(Zestawienie!G:G,ROW()*2+1))), ISBLANK(INDEX(Zestawienie!H:H,ROW()*2+1))), AND(NOT(ISBLANK(INDEX(Zestawienie!I:I,ROW()*2+1))), ISBLANK(INDEX(Zestawienie!J:J,ROW()*2+1))), AND(NOT(ISBLANK(INDEX(Zestawienie!K:K,ROW()*2+1))), ISBLANK(INDEX(Zestawienie!L:L,ROW()*2+1))) ), "Zajęte", "Wolne" ) )} -> Wolne | D29: {=IFERROR( IF( ISBLANK(INDEX(Zestawienie!B:B, MATCH(A29, Zestawienie!A:A, 0))), "", IF(C29="Wolne", IF( OR( ISBLANK(INDEX(Zestawienie!B:B, MATCH(A29, Zestawienie!A:A, 0))), NOT(ISNUMBER(INDEX(Zestawienie!B:B, MATCH(A29, Zestawienie!A:A, 0)))) ), "", TODAY()-INDEX(Zestawienie!B:B, MATCH(A29, Zestawienie!A:A, 0)) ), IF(OR(C29="Zajęte", C29="Spóźnione"), IF( ISBLANK( MAX( IF(ISNUMBER(INDEX(Zestawienie!C:C, 2*ROW()+1)), INDEX(Zestawienie!C:C, 2*ROW()+1), 0), IF(ISNUMBER(INDEX(Zestawienie!E:E, 2*ROW()+1)), INDEX(Zestawienie!E:E, 2*ROW()+1), 0), IF(ISNUMBER(INDEX(Zestawienie!G:G, 2*ROW()+1)), INDEX(Zestawienie!G:G, 2*ROW()+1), 0), IF(ISNUMBER(INDEX(Zestawienie!I:I, 2*ROW()+1)), INDEX(Zestawienie!I:I, 2*ROW()+1), 0), IF(ISNUMBER(INDEX(Zestawienie!K:K, 2*ROW()+1)), INDEX(Zestawienie!K:K, 2*ROW()+1), 0) ) ), "", IF(C29="Zajęte", TODAY()-MAX( IF(ISNUMBER(INDEX(Zestawienie!C:C, 2*ROW()+1)), INDEX(Zestawienie!C:C, 2*ROW()+1), 0), IF(ISNUMBER(INDEX(Zestawienie!E:E, 2*ROW()+1)), INDEX(Zestawienie!E:E, 2*ROW()+1), 0), IF(ISNUMBER(INDEX(Zestawienie!G:G, 2*ROW()+1)), INDEX(Zestawienie!G:G, 2*ROW()+1), 0), IF(ISNUMBER(INDEX(Zestawienie!I:I, 2*ROW()+1)), INDEX(Zestawienie!I:I, 2*ROW()+1), 0), IF(ISNUMBER(INDEX(Zestawienie!K:K, 2*ROW()+1)), INDEX(Zestawienie!K:K, 2*ROW()+1), 0) ), MAX(0, TODAY()-MAX( IF(ISNUMBER(INDEX(Zestawienie!C:C, 2*ROW()+1)), INDEX(Zestawienie!C:C, 2*ROW()+1), 0), IF(ISNUMBER(INDEX(Zestawienie!E:E, 2*ROW()+1)), INDEX(Zestawienie!E:E, 2*ROW()+1), 0), IF(ISNUMBER(INDEX(Zestawienie!G:G, 2*ROW()+1)), INDEX(Zestawienie!G:G, 2*ROW()+1), 0), IF(ISNUMBER(INDEX(Zestawienie!I:I, 2*ROW()+1)), INDEX(Zestawienie!I:I, 2*ROW()+1), 0), IF(ISNUMBER(INDEX(Zestawienie!K:K, 2*ROW()+1)), INDEX(Zestawienie!K:K, 2*ROW()+1), 0) )-120) ) ), "" ) ) ), "")} -> 173
A30: 29 | B30: =IFERROR(__xludf.DUMMYFUNCTION("IF( OR(C30=""Zajęte"", C30=""Spóźnione""), IFERROR( INDEX( FILTER( { INDEX(Zestawienie!K:K, ROW()*2); INDEX(Zestawienie!I:I, ROW()*2); INDEX(Zestawienie!G:G, ROW()*2); INDEX(Zestawienie!E:E, RO"&"W()*2); INDEX(Zestawienie!C:C, ROW()*2) }, { INDEX(Zestawienie!K:K, ROW()*2)<>"""" ; INDEX(Zestawienie!I:I, ROW()*2)<>"""" ; INDEX(Zestawienie!G:G, ROW()*2)<>"""" ; INDEX(Zestawienie!E:E, R"&"OW()*2)<>"""" ; INDEX(Zestawienie!C:C, ROW()*2)<>"""" } ), 1 ), """" ), """" ) "),"") | C30: {=IF( OR( AND(NOT(ISBLANK(INDEX(Zestawienie!C:C,ROW()*2+1))), INDEX(Zestawienie!C:C,ROW()*2+1)<TODAY()-120, ISBLANK(INDEX(Zestawienie!D:D,ROW()*2+1))), AND(NOT(ISBLANK(INDEX(Zestawienie!E:E,ROW()*2+1))), INDEX(Zestawienie!E:E,ROW()*2+1)<TODAY()-120, ISBLANK(INDEX(Zestawienie!F:F,ROW()*2+1))), AND(NOT(ISBLANK(INDEX(Zestawienie!G:G,ROW()*2+1))), INDEX(Zestawienie!G:G,ROW()*2+1)<TODAY()-120, ISBLANK(INDEX(Zestawienie!H:H,ROW()*2+1))), AND(NOT(ISBLANK(INDEX(Zestawienie!I:I,ROW()*2+1))), INDEX(Zestawienie!I:I,ROW()*2+1)<TODAY()-120, ISBLANK(INDEX(Zestawienie!J:J,ROW()*2+1))), AND(NOT(ISBLANK(INDEX(Zestawienie!K:K,ROW()*2+1))), INDEX(Zestawienie!K:K,ROW()*2+1)<TODAY()-120, ISBLANK(INDEX(Zestawienie!L:L,ROW()*2+1))) ), "Spóźnione", IF( OR( AND(NOT(ISBLANK(INDEX(Zestawienie!C:C,ROW()*2+1))), ISBLANK(INDEX(Zestawienie!D:D,ROW()*2+1))), AND(NOT(ISBLANK(INDEX(Zestawienie!E:E,ROW()*2+1))), ISBLANK(INDEX(Zestawienie!F:F,ROW()*2+1))), AND(NOT(ISBLANK(INDEX(Zestawienie!G:G,ROW()*2+1))), ISBLANK(INDEX(Zestawienie!H:H,ROW()*2+1))), AND(NOT(ISBLANK(INDEX(Zestawienie!I:I,ROW()*2+1))), ISBLANK(INDEX(Zestawienie!J:J,ROW()*2+1))), AND(NOT(ISBLANK(INDEX(Zestawienie!K:K,ROW()*2+1))), ISBLANK(INDEX(Zestawienie!L:L,ROW()*2+1))) ), "Zajęte", "Wolne" ) )} -> Wolne | D30: {=IFERROR( IF( ISBLANK(INDEX(Zestawienie!B:B, MATCH(A30, Zestawienie!A:A, 0))), "", IF(C30="Wolne", IF( OR( ISBLANK(INDEX(Zestawienie!B:B, MATCH(A30, Zestawienie!A:A, 0))), NOT(ISNUMBER(INDEX(Zestawienie!B:B, MATCH(A30, Zestawienie!A:A, 0)))) ), "", TODAY()-INDEX(Zestawienie!B:B, MATCH(A30, Zestawienie!A:A, 0)) ), IF(OR(C30="Zajęte", C30="Spóźnione"), IF( ISBLANK( MAX( IF(ISNUMBER(INDEX(Zestawienie!C:C, 2*ROW()+1)), INDEX(Zestawienie!C:C, 2*ROW()+1), 0), IF(ISNUMBER(INDEX(Zestawienie!E:E, 2*ROW()+1)), INDEX(Zestawienie!E:E, 2*ROW()+1), 0), IF(ISNUMBER(INDEX(Zestawienie!G:G, 2*ROW()+1)), INDEX(Zestawienie!G:G, 2*ROW()+1), 0), IF(ISNUMBER(INDEX(Zestawienie!I:I, 2*ROW()+1)), INDEX(Zestawienie!I:I, 2*ROW()+1), 0), IF(ISNUMBER(INDEX(Zestawienie!K:K, 2*ROW()+1)), INDEX(Zestawienie!K:K, 2*ROW()+1), 0) ) ), "", IF(C30="Zajęte", TODAY()-MAX( IF(ISNUMBER(INDEX(Zestawienie!C:C, 2*ROW()+1)), INDEX(Zestawienie!C:C, 2*ROW()+1), 0), IF(ISNUMBER(INDEX(Zestawienie!E:E, 2*ROW()+1)), INDEX(Zestawienie!E:E, 2*ROW()+1), 0), IF(ISNUMBER(INDEX(Zestawienie!G:G, 2*ROW()+1)), INDEX(Zestawienie!G:G, 2*ROW()+1), 0), IF(ISNUMBER(INDEX(Zestawienie!I:I, 2*ROW()+1)), INDEX(Zestawienie!I:I, 2*ROW()+1), 0), IF(ISNUMBER(INDEX(Zestawienie!K:K, 2*ROW()+1)), INDEX(Zestawienie!K:K, 2*ROW()+1), 0) ), MAX(0, TODAY()-MAX( IF(ISNUMBER(INDEX(Zestawienie!C:C, 2*ROW()+1)), INDEX(Zestawienie!C:C, 2*ROW()+1), 0), IF(ISNUMBER(INDEX(Zestawienie!E:E, 2*ROW()+1)), INDEX(Zestawienie!E:E, 2*ROW()+1), 0), IF(ISNUMBER(INDEX(Zestawienie!G:G, 2*ROW()+1)), INDEX(Zestawienie!G:G, 2*ROW()+1), 0), IF(ISNUMBER(INDEX(Zestawienie!I:I, 2*ROW()+1)), INDEX(Zestawienie!I:I, 2*ROW()+1), 0), IF(ISNUMBER(INDEX(Zestawienie!K:K, 2*ROW()+1)), INDEX(Zestawienie!K:K, 2*ROW()+1), 0) )-120) ) ), "" ) ) ), "")} -> 93
A31: 30 | B31: =IFERROR(__xludf.DUMMYFUNCTION("IF( OR(C31=""Zajęte"", C31=""Spóźnione""), IFERROR( INDEX( FILTER( { INDEX(Zestawienie!K:K, ROW()*2); INDEX(Zestawienie!I:I, ROW()*2); INDEX(Zestawienie!G:G, ROW()*2); INDEX(Zestawienie!E:E, RO"&"W()*2); INDEX(Zestawienie!C:C, ROW()*2) }, { INDEX(Zestawienie!K:K, ROW()*2)<>"""" ; INDEX(Zestawienie!I:I, ROW()*2)<>"""" ; INDEX(Zestawienie!G:G, ROW()*2)<>"""" ; INDEX(Zestawienie!E:E, R"&"OW()*2)<>"""" ; INDEX(Zestawienie!C:C, ROW()*2)<>"""" } ), 1 ), """" ), """" ) "),"Geszczyński Tomasz") -> Geszczyński Tomasz | C31: {=IF( OR( AND(NOT(ISBLANK(INDEX(Zestawienie!C:C,ROW()*2+1))), INDEX(Zestawienie!C:C,ROW()*2+1)<TODAY()-120, ISBLANK(INDEX(Zestawienie!D:D,ROW()*2+1))), AND(NOT(ISBLANK(INDEX(Zestawienie!E:E,ROW()*2+1))), INDEX(Zestawienie!E:E,ROW()*2+1)<TODAY()-120, ISBLANK(INDEX(Zestawienie!F:F,ROW()*2+1))), AND(NOT(ISBLANK(INDEX(Zestawienie!G:G,ROW()*2+1))), INDEX(Zestawienie!G:G,ROW()*2+1)<TODAY()-120, ISBLANK(INDEX(Zestawienie!H:H,ROW()*2+1))), AND(NOT(ISBLANK(INDEX(Zestawienie!I:I,ROW()*2+1))), INDEX(Zestawienie!I:I,ROW()*2+1)<TODAY()-120, ISBLANK(INDEX(Zestawienie!J:J,ROW()*2+1))), AND(NOT(ISBLANK(INDEX(Zestawienie!K:K,ROW()*2+1))), INDEX(Zestawienie!K:K,ROW()*2+1)<TODAY()-120, ISBLANK(INDEX(Zestawienie!L:L,ROW()*2+1))) ), "Spóźnione", IF( OR( AND(NOT(ISBLANK(INDEX(Zestawienie!C:C,ROW()*2+1))), ISBLANK(INDEX(Zestawienie!D:D,ROW()*2+1))), AND(NOT(ISBLANK(INDEX(Zestawienie!E:E,ROW()*2+1))), ISBLANK(INDEX(Zestawienie!F:F,ROW()*2+1))), AND(NOT(ISBLANK(INDEX(Zestawienie!G:G,ROW()*2+1))), ISBLANK(INDEX(Zestawienie!H:H,ROW()*2+1))), AND(NOT(ISBLANK(INDEX(Zestawienie!I:I,ROW()*2+1))), ISBLANK(INDEX(Zestawienie!J:J,ROW()*2+1))), AND(NOT(ISBLANK(INDEX(Zestawienie!K:K,ROW()*2+1))), ISBLANK(INDEX(Zestawienie!L:L,ROW()*2+1))) ), "Zajęte", "Wolne" ) )} -> Spóźnione | D31: {=IFERROR( IF( ISBLANK(INDEX(Zestawienie!B:B, MATCH(A31, Zestawienie!A:A, 0))), "", IF(C31="Wolne", IF( OR( ISBLANK(INDEX(Zestawienie!B:B, MATCH(A31, Zestawienie!A:A, 0))), NOT(ISNUMBER(INDEX(Zestawienie!B:B, MATCH(A31, Zestawienie!A:A, 0)))) ), "", TODAY()-INDEX(Zestawienie!B:B, MATCH(A31, Zestawienie!A:A, 0)) ), IF(OR(C31="Zajęte", C31="Spóźnione"), IF( ISBLANK( MAX( IF(ISNUMBER(INDEX(Zestawienie!C:C, 2*ROW()+1)), INDEX(Zestawienie!C:C, 2*ROW()+1), 0), IF(ISNUMBER(INDEX(Zestawienie!E:E, 2*ROW()+1)), INDEX(Zestawienie!E:E, 2*ROW()+1), 0), IF(ISNUMBER(INDEX(Zestawienie!G:G, 2*ROW()+1)), INDEX(Zestawienie!G:G, 2*ROW()+1), 0), IF(ISNUMBER(INDEX(Zestawienie!I:I, 2*ROW()+1)), INDEX(Zestawienie!I:I, 2*ROW()+1), 0), IF(ISNUMBER(INDEX(Zestawienie!K:K, 2*ROW()+1)), INDEX(Zestawienie!K:K, 2*ROW()+1), 0) ) ), "", IF(C31="Zajęte", TODAY()-MAX( IF(ISNUMBER(INDEX(Zestawienie!C:C, 2*ROW()+1)), INDEX(Zestawienie!C:C, 2*ROW()+1), 0), IF(ISNUMBER(INDEX(Zestawienie!E:E, 2*ROW()+1)), INDEX(Zestawienie!E:E, 2*ROW()+1), 0), IF(ISNUMBER(INDEX(Zestawienie!G:G, 2*ROW()+1)), INDEX(Zestawienie!G:G, 2*ROW()+1), 0), IF(ISNUMBER(INDEX(Zestawienie!I:I, 2*ROW()+1)), INDEX(Zestawienie!I:I, 2*ROW()+1), 0), IF(ISNUMBER(INDEX(Zestawienie!K:K, 2*ROW()+1)), INDEX(Zestawienie!K:K, 2*ROW()+1), 0) ), MAX(0, TODAY()-MAX( IF(ISNUMBER(INDEX(Zestawienie!C:C, 2*ROW()+1)), INDEX(Zestawienie!C:C, 2*ROW()+1), 0), IF(ISNUMBER(INDEX(Zestawienie!E:E, 2*ROW()+1)), INDEX(Zestawienie!E:E, 2*ROW()+1), 0), IF(ISNUMBER(INDEX(Zestawienie!G:G, 2*ROW()+1)), INDEX(Zestawienie!G:G, 2*ROW()+1), 0), IF(ISNUMBER(INDEX(Zestawienie!I:I, 2*ROW()+1)), INDEX(Zestawienie!I:I, 2*ROW()+1), 0), IF(ISNUMBER(INDEX(Zestawienie!K:K, 2*ROW()+1)), INDEX(Zestawienie!K:K, 2*ROW()+1), 0) )-120) ) ), "" ) ) ), "")} -> 10
A32: 31 | B32: =IFERROR(__xludf.DUMMYFUNCTION("IF( OR(C32=""Zajęte"", C32=""Spóźnione""), IFERROR( INDEX( FILTER( { INDEX(Zestawienie!K:K, ROW()*2); INDEX(Zestawienie!I:I, ROW()*2); INDEX(Zestawienie!G:G, ROW()*2); INDEX(Zestawienie!E:E, RO"&"W()*2); INDEX(Zestawienie!C:C, ROW()*2) }, { INDEX(Zestawienie!K:K, ROW()*2)<>"""" ; INDEX(Zestawienie!I:I, ROW()*2)<>"""" ; INDEX(Zestawienie!G:G, ROW()*2)<>"""" ; INDEX(Zestawienie!E:E, R"&"OW()*2)<>"""" ; INDEX(Zestawienie!C:C, ROW()*2)<>"""" } ), 1 ), """" ), """" ) "),"") | C32: {=IF( OR( AND(NOT(ISBLANK(INDEX(Zestawienie!C:C,ROW()*2+1))), INDEX(Zestawienie!C:C,ROW()*2+1)<TODAY()-120, ISBLANK(INDEX(Zestawienie!D:D,ROW()*2+1))), AND(NOT(ISBLANK(INDEX(Zestawienie!E:E,ROW()*2+1))), INDEX(Zestawienie!E:E,ROW()*2+1)<TODAY()-120, ISBLANK(INDEX(Zestawienie!F:F,ROW()*2+1))), AND(NOT(ISBLANK(INDEX(Zestawienie!G:G,ROW()*2+1))), INDEX(Zestawienie!G:G,ROW()*2+1)<TODAY()-120, ISBLANK(INDEX(Zestawienie!H:H,ROW()*2+1))), AND(NOT(ISBLANK(INDEX(Zestawienie!I:I,ROW()*2+1))), INDEX(Zestawienie!I:I,ROW()*2+1)<TODAY()-120, ISBLANK(INDEX(Zestawienie!J:J,ROW()*2+1))), AND(NOT(ISBLANK(INDEX(Zestawienie!K:K,ROW()*2+1))), INDEX(Zestawienie!K:K,ROW()*2+1)<TODAY()-120, ISBLANK(INDEX(Zestawienie!L:L,ROW()*2+1))) ), "Spóźnione", IF( OR( AND(NOT(ISBLANK(INDEX(Zestawienie!C:C,ROW()*2+1))), ISBLANK(INDEX(Zestawienie!D:D,ROW()*2+1))), AND(NOT(ISBLANK(INDEX(Zestawienie!E:E,ROW()*2+1))), ISBLANK(INDEX(Zestawienie!F:F,ROW()*2+1))), AND(NOT(ISBLANK(INDEX(Zestawienie!G:G,ROW()*2+1))), ISBLANK(INDEX(Zestawienie!H:H,ROW()*2+1))), AND(NOT(ISBLANK(INDEX(Zestawienie!I:I,ROW()*2+1))), ISBLANK(INDEX(Zestawienie!J:J,ROW()*2+1))), AND(NOT(ISBLANK(INDEX(Zestawienie!K:K,ROW()*2+1))), ISBLANK(INDEX(Zestawienie!L:L,ROW()*2+1))) ), "Zajęte", "Wolne" ) )} -> Wolne | D32: {=IFERROR( IF( ISBLANK(INDEX(Zestawienie!B:B, MATCH(A32, Zestawienie!A:A, 0))), "", IF(C32="Wolne", IF( OR( ISBLANK(INDEX(Zestawienie!B:B, MATCH(A32, Zestawienie!A:A, 0))), NOT(ISNUMBER(INDEX(Zestawienie!B:B, MATCH(A32, Zestawienie!A:A, 0)))) ), "", TODAY()-INDEX(Zestawienie!B:B, MATCH(A32, Zestawienie!A:A, 0)) ), IF(OR(C32="Zajęte", C32="Spóźnione"), IF( ISBLANK( MAX( IF(ISNUMBER(INDEX(Zestawienie!C:C, 2*ROW()+1)), INDEX(Zestawienie!C:C, 2*ROW()+1), 0), IF(ISNUMBER(INDEX(Zestawienie!E:E, 2*ROW()+1)), INDEX(Zestawienie!E:E, 2*ROW()+1), 0), IF(ISNUMBER(INDEX(Zestawienie!G:G, 2*ROW()+1)), INDEX(Zestawienie!G:G, 2*ROW()+1), 0), IF(ISNUMBER(INDEX(Zestawienie!I:I, 2*ROW()+1)), INDEX(Zestawienie!I:I, 2*ROW()+1), 0), IF(ISNUMBER(INDEX(Zestawienie!K:K, 2*ROW()+1)), INDEX(Zestawienie!K:K, 2*ROW()+1), 0) ) ), "", IF(C32="Zajęte", TODAY()-MAX( IF(ISNUMBER(INDEX(Zestawienie!C:C, 2*ROW()+1)), INDEX(Zestawienie!C:C, 2*ROW()+1), 0), IF(ISNUMBER(INDEX(Zestawienie!E:E, 2*ROW()+1)), INDEX(Zestawienie!E:E, 2*ROW()+1), 0), IF(ISNUMBER(INDEX(Zestawienie!G:G, 2*ROW()+1)), INDEX(Zestawienie!G:G, 2*ROW()+1), 0), IF(ISNUMBER(INDEX(Zestawienie!I:I, 2*ROW()+1)), INDEX(Zestawienie!I:I, 2*ROW()+1), 0), IF(ISNUMBER(INDEX(Zestawienie!K:K, 2*ROW()+1)), INDEX(Zestawienie!K:K, 2*ROW()+1), 0) ), MAX(0, TODAY()-MAX( IF(ISNUMBER(INDEX(Zestawienie!C:C, 2*ROW()+1)), INDEX(Zestawienie!C:C, 2*ROW()+1), 0), IF(ISNUMBER(INDEX(Zestawienie!E:E, 2*ROW()+1)), INDEX(Zestawienie!E:E, 2*ROW()+1), 0), IF(ISNUMBER(INDEX(Zestawienie!G:G, 2*ROW()+1)), INDEX(Zestawienie!G:G, 2*ROW()+1), 0), IF(ISNUMBER(INDEX(Zestawienie!I:I, 2*ROW()+1)), INDEX(Zestawienie!I:I, 2*ROW()+1), 0), IF(ISNUMBER(INDEX(Zestawienie!K:K, 2*ROW()+1)), INDEX(Zestawienie!K:K, 2*ROW()+1), 0) )-120) ) ), "" ) ) ), "")} -> 149
A33: 32 | B33: =IFERROR(__xludf.DUMMYFUNCTION("IF( OR(C33=""Zajęte"", C33=""Spóźnione""), IFERROR( INDEX( FILTER( { INDEX(Zestawienie!K:K, ROW()*2); INDEX(Zestawienie!I:I, ROW()*2); INDEX(Zestawienie!G:G, ROW()*2); INDEX(Zestawienie!E:E, RO"&"W()*2); INDEX(Zestawienie!C:C, ROW()*2) }, { INDEX(Zestawienie!K:K, ROW()*2)<>"""" ; INDEX(Zestawienie!I:I, ROW()*2)<>"""" ; INDEX(Zestawienie!G:G, ROW()*2)<>"""" ; INDEX(Zestawienie!E:E, R"&"OW()*2)<>"""" ; INDEX(Zestawienie!C:C, ROW()*2)<>"""" } ), 1 ), """" ), """" ) "),"") | C33: {=IF( OR( AND(NOT(ISBLANK(INDEX(Zestawienie!C:C,ROW()*2+1))), INDEX(Zestawienie!C:C,ROW()*2+1)<TODAY()-120, ISBLANK(INDEX(Zestawienie!D:D,ROW()*2+1))), AND(NOT(ISBLANK(INDEX(Zestawienie!E:E,ROW()*2+1))), INDEX(Zestawienie!E:E,ROW()*2+1)<TODAY()-120, ISBLANK(INDEX(Zestawienie!F:F,ROW()*2+1))), AND(NOT(ISBLANK(INDEX(Zestawienie!G:G,ROW()*2+1))), INDEX(Zestawienie!G:G,ROW()*2+1)<TODAY()-120, ISBLANK(INDEX(Zestawienie!H:H,ROW()*2+1))), AND(NOT(ISBLANK(INDEX(Zestawienie!I:I,ROW()*2+1))), INDEX(Zestawienie!I:I,ROW()*2+1)<TODAY()-120, ISBLANK(INDEX(Zestawienie!J:J,ROW()*2+1))), AND(NOT(ISBLANK(INDEX(Zestawienie!K:K,ROW()*2+1))), INDEX(Zestawienie!K:K,ROW()*2+1)<TODAY()-120, ISBLANK(INDEX(Zestawienie!L:L,ROW()*2+1))) ), "Spóźnione", IF( OR( AND(NOT(ISBLANK(INDEX(Zestawienie!C:C,ROW()*2+1))), ISBLANK(INDEX(Zestawienie!D:D,ROW()*2+1))), AND(NOT(ISBLANK(INDEX(Zestawienie!E:E,ROW()*2+1))), ISBLANK(INDEX(Zestawienie!F:F,ROW()*2+1))), AND(NOT(ISBLANK(INDEX(Zestawienie!G:G,ROW()*2+1))), ISBLANK(INDEX(Zestawienie!H:H,ROW()*2+1))), AND(NOT(ISBLANK(INDEX(Zestawienie!I:I,ROW()*2+1))), ISBLANK(INDEX(Zestawienie!J:J,ROW()*2+1))), AND(NOT(ISBLANK(INDEX(Zestawienie!K:K,ROW()*2+1))), ISBLANK(INDEX(Zestawienie!L:L,ROW()*2+1))) ), "Zajęte", "Wolne" ) )} -> Wolne | D33: {=IFERROR( IF( ISBLANK(INDEX(Zestawienie!B:B, MATCH(A33, Zestawienie!A:A, 0))), "", IF(C33="Wolne", IF( OR( ISBLANK(INDEX(Zestawienie!B:B, MATCH(A33, Zestawienie!A:A, 0))), NOT(ISNUMBER(INDEX(Zestawienie!B:B, MATCH(A33, Zestawienie!A:A, 0)))) ), "", TODAY()-INDEX(Zestawienie!B:B, MATCH(A33, Zestawienie!A:A, 0)) ), IF(OR(C33="Zajęte", C33="Spóźnione"), IF( ISBLANK( MAX( IF(ISNUMBER(INDEX(Zestawienie!C:C, 2*ROW()+1)), INDEX(Zestawienie!C:C, 2*ROW()+1), 0), IF(ISNUMBER(INDEX(Zestawienie!E:E, 2*ROW()+1)), INDEX(Zestawienie!E:E, 2*ROW()+1), 0), IF(ISNUMBER(INDEX(Zestawienie!G:G, 2*ROW()+1)), INDEX(Zestawienie!G:G, 2*ROW()+1), 0), IF(ISNUMBER(INDEX(Zestawienie!I:I, 2*ROW()+1)), INDEX(Zestawienie!I:I, 2*ROW()+1), 0), IF(ISNUMBER(INDEX(Zestawienie!K:K, 2*ROW()+1)), INDEX(Zestawienie!K:K, 2*ROW()+1), 0) ) ), "", IF(C33="Zajęte", TODAY()-MAX( IF(ISNUMBER(INDEX(Zestawienie!C:C, 2*ROW()+1)), INDEX(Zestawienie!C:C, 2*ROW()+1), 0), IF(ISNUMBER(INDEX(Zestawienie!E:E, 2*ROW()+1)), INDEX(Zestawienie!E:E, 2*ROW()+1), 0), IF(ISNUMBER(INDEX(Zestawienie!G:G, 2*ROW()+1)), INDEX(Zestawienie!G:G, 2*ROW()+1), 0), IF(ISNUMBER(INDEX(Zestawienie!I:I, 2*ROW()+1)), INDEX(Zestawienie!I:I, 2*ROW()+1), 0), IF(ISNUMBER(INDEX(Zestawienie!K:K, 2*ROW()+1)), INDEX(Zestawienie!K:K, 2*ROW()+1), 0) ), MAX(0, TODAY()-MAX( IF(ISNUMBER(INDEX(Zestawienie!C:C, 2*ROW()+1)), INDEX(Zestawienie!C:C, 2*ROW()+1), 0), IF(ISNUMBER(INDEX(Zestawienie!E:E, 2*ROW()+1)), INDEX(Zestawienie!E:E, 2*ROW()+1), 0), IF(ISNUMBER(INDEX(Zestawienie!G:G, 2*ROW()+1)), INDEX(Zestawienie!G:G, 2*ROW()+1), 0), IF(ISNUMBER(INDEX(Zestawienie!I:I, 2*ROW()+1)), INDEX(Zestawienie!I:I, 2*ROW()+1), 0), IF(ISNUMBER(INDEX(Zestawienie!K:K, 2*ROW()+1)), INDEX(Zestawienie!K:K, 2*ROW()+1), 0) )-120) ) ), "" ) ) ), "")} -> 173
A34: 33 | B34: =IFERROR(__xludf.DUMMYFUNCTION("IF( OR(C34=""Zajęte"", C34=""Spóźnione""), IFERROR( INDEX( FILTER( { INDEX(Zestawienie!K:K, ROW()*2); INDEX(Zestawienie!I:I, ROW()*2); INDEX(Zestawienie!G:G, ROW()*2); INDEX(Zestawienie!E:E, RO"&"W()*2); INDEX(Zestawienie!C:C, ROW()*2) }, { INDEX(Zestawienie!K:K, ROW()*2)<>"""" ; INDEX(Zestawienie!I:I, ROW()*2)<>"""" ; INDEX(Zestawienie!G:G, ROW()*2)<>"""" ; INDEX(Zestawienie!E:E, R"&"OW()*2)<>"""" ; INDEX(Zestawienie!C:C, ROW()*2)<>"""" } ), 1 ), """" ), """" ) "),"") | C34: {=IF( OR( AND(NOT(ISBLANK(INDEX(Zestawienie!C:C,ROW()*2+1))), INDEX(Zestawienie!C:C,ROW()*2+1)<TODAY()-120, ISBLANK(INDEX(Zestawienie!D:D,ROW()*2+1))), AND(NOT(ISBLANK(INDEX(Zestawienie!E:E,ROW()*2+1))), INDEX(Zestawienie!E:E,ROW()*2+1)<TODAY()-120, ISBLANK(INDEX(Zestawienie!F:F,ROW()*2+1))), AND(NOT(ISBLANK(INDEX(Zestawienie!G:G,ROW()*2+1))), INDEX(Zestawienie!G:G,ROW()*2+1)<TODAY()-120, ISBLANK(INDEX(Zestawienie!H:H,ROW()*2+1))), AND(NOT(ISBLANK(INDEX(Zestawienie!I:I,ROW()*2+1))), INDEX(Zestawienie!I:I,ROW()*2+1)<TODAY()-120, ISBLANK(INDEX(Zestawienie!J:J,ROW()*2+1))), AND(NOT(ISBLANK(INDEX(Zestawienie!K:K,ROW()*2+1))), INDEX(Zestawienie!K:K,ROW()*2+1)<TODAY()-120, ISBLANK(INDEX(Zestawienie!L:L,ROW()*2+1))) ), "Spóźnione", IF( OR( AND(NOT(ISBLANK(INDEX(Zestawienie!C:C,ROW()*2+1))), ISBLANK(INDEX(Zestawienie!D:D,ROW()*2+1))), AND(NOT(ISBLANK(INDEX(Zestawienie!E:E,ROW()*2+1))), ISBLANK(INDEX(Zestawienie!F:F,ROW()*2+1))), AND(NOT(ISBLANK(INDEX(Zestawienie!G:G,ROW()*2+1))), ISBLANK(INDEX(Zestawienie!H:H,ROW()*2+1))), AND(NOT(ISBLANK(INDEX(Zestawienie!I:I,ROW()*2+1))), ISBLANK(INDEX(Zestawienie!J:J,ROW()*2+1))), AND(NOT(ISBLANK(INDEX(Zestawienie!K:K,ROW()*2+1))), ISBLANK(INDEX(Zestawienie!L:L,ROW()*2+1))) ), "Zajęte", "Wolne" ) )} -> Wolne | D34: {=IFERROR( IF( ISBLANK(INDEX(Zestawienie!B:B, MATCH(A34, Zestawienie!A:A, 0))), "", IF(C34="Wolne", IF( OR( ISBLANK(INDEX(Zestawienie!B:B, MATCH(A34, Zestawienie!A:A, 0))), NOT(ISNUMBER(INDEX(Zestawienie!B:B, MATCH(A34, Zestawienie!A:A, 0)))) ), "", TODAY()-INDEX(Zestawienie!B:B, MATCH(A34, Zestawienie!A:A, 0)) ), IF(OR(C34="Zajęte", C34="Spóźnione"), IF( ISBLANK( MAX( IF(ISNUMBER(INDEX(Zestawienie!C:C, 2*ROW()+1)), INDEX(Zestawienie!C:C, 2*ROW()+1), 0), IF(ISNUMBER(INDEX(Zestawienie!E:E, 2*ROW()+1)), INDEX(Zestawienie!E:E, 2*ROW()+1), 0), IF(ISNUMBER(INDEX(Zestawienie!G:G, 2*ROW()+1)), INDEX(Zestawienie!G:G, 2*ROW()+1), 0), IF(ISNUMBER(INDEX(Zestawienie!I:I, 2*ROW()+1)), INDEX(Zestawienie!I:I, 2*ROW()+1), 0), IF(ISNUMBER(INDEX(Zestawienie!K:K, 2*ROW()+1)), INDEX(Zestawienie!K:K, 2*ROW()+1), 0) ) ), "", IF(C34="Zajęte", TODAY()-MAX( IF(ISNUMBER(INDEX(Zestawienie!C:C, 2*ROW()+1)), INDEX(Zestawienie!C:C, 2*ROW()+1), 0), IF(ISNUMBER(INDEX(Zestawienie!E:E, 2*ROW()+1)), INDEX(Zestawienie!E:E, 2*ROW()+1), 0), IF(ISNUMBER(INDEX(Zestawienie!G:G, 2*ROW()+1)), INDEX(Zestawienie!G:G, 2*ROW()+1), 0), IF(ISNUMBER(INDEX(Zestawienie!I:I, 2*ROW()+1)), INDEX(Zestawienie!I:I, 2*ROW()+1), 0), IF(ISNUMBER(INDEX(Zestawienie!K:K, 2*ROW()+1)), INDEX(Zestawienie!K:K, 2*ROW()+1), 0) ), MAX(0, TODAY()-MAX( IF(ISNUMBER(INDEX(Zestawienie!C:C, 2*ROW()+1)), INDEX(Zestawienie!C:C, 2*ROW()+1), 0), IF(ISNUMBER(INDEX(Zestawienie!E:E, 2*ROW()+1)), INDEX(Zestawienie!E:E, 2*ROW()+1), 0), IF(ISNUMBER(INDEX(Zestawienie!G:G, 2*ROW()+1)), INDEX(Zestawienie!G:G, 2*ROW()+1), 0), IF(ISNUMBER(INDEX(Zestawienie!I:I, 2*ROW()+1)), INDEX(Zestawienie!I:I, 2*ROW()+1), 0), IF(ISNUMBER(INDEX(Zestawienie!K:K, 2*ROW()+1)), INDEX(Zestawienie!K:K, 2*ROW()+1), 0) )-120) ) ), "" ) ) ), "")} -> 170
A35: 34 | B35: =IFERROR(__xludf.DUMMYFUNCTION("IF( OR(C35=""Zajęte"", C35=""Spóźnione""), IFERROR( INDEX( FILTER( { INDEX(Zestawienie!K:K, ROW()*2); INDEX(Zestawienie!I:I, ROW()*2); INDEX(Zestawienie!G:G, ROW()*2); INDEX(Zestawienie!E:E, RO"&"W()*2); INDEX(Zestawienie!C:C, ROW()*2) }, { INDEX(Zestawienie!K:K, ROW()*2)<>"""" ; INDEX(Zestawienie!I:I, ROW()*2)<>"""" ; INDEX(Zestawienie!G:G, ROW()*2)<>"""" ; INDEX(Zestawienie!E:E, R"&"OW()*2)<>"""" ; INDEX(Zestawienie!C:C, ROW()*2)<>"""" } ), 1 ), """" ), """" ) "),"Stolarz Daniel") -> Stolarz Daniel | C35: {=IF( OR( AND(NOT(ISBLANK(INDEX(Zestawienie!C:C,ROW()*2+1))), INDEX(Zestawienie!C:C,ROW()*2+1)<TODAY()-120, ISBLANK(INDEX(Zestawienie!D:D,ROW()*2+1))), AND(NOT(ISBLANK(INDEX(Zestawienie!E:E,ROW()*2+1))), INDEX(Zestawienie!E:E,ROW()*2+1)<TODAY()-120, ISBLANK(INDEX(Zestawienie!F:F,ROW()*2+1))), AND(NOT(ISBLANK(INDEX(Zestawienie!G:G,ROW()*2+1))), INDEX(Zestawienie!G:G,ROW()*2+1)<TODAY()-120, ISBLANK(INDEX(Zestawienie!H:H,ROW()*2+1))), AND(NOT(ISBLANK(INDEX(Zestawienie!I:I,ROW()*2+1))), INDEX(Zestawienie!I:I,ROW()*2+1)<TODAY()-120, ISBLANK(INDEX(Zestawienie!J:J,ROW()*2+1))), AND(NOT(ISBLANK(INDEX(Zestawienie!K:K,ROW()*2+1))), INDEX(Zestawienie!K:K,ROW()*2+1)<TODAY()-120, ISBLANK(INDEX(Zestawienie!L:L,ROW()*2+1))) ), "Spóźnione", IF( OR( AND(NOT(ISBLANK(INDEX(Zestawienie!C:C,ROW()*2+1))), ISBLANK(INDEX(Zestawienie!D:D,ROW()*2+1))), AND(NOT(ISBLANK(INDEX(Zestawienie!E:E,ROW()*2+1))), ISBLANK(INDEX(Zestawienie!F:F,ROW()*2+1))), AND(NOT(ISBLANK(INDEX(Zestawienie!G:G,ROW()*2+1))), ISBLANK(INDEX(Zestawienie!H:H,ROW()*2+1))), AND(NOT(ISBLANK(INDEX(Zestawienie!I:I,ROW()*2+1))), ISBLANK(INDEX(Zestawienie!J:J,ROW()*2+1))), AND(NOT(ISBLANK(INDEX(Zestawienie!K:K,ROW()*2+1))), ISBLANK(INDEX(Zestawienie!L:L,ROW()*2+1))) ), "Zajęte", "Wolne" ) )} -> Spóźnione | D35: {=IFERROR( IF( ISBLANK(INDEX(Zestawienie!B:B, MATCH(A35, Zestawienie!A:A, 0))), "", IF(C35="Wolne", IF( OR( ISBLANK(INDEX(Zestawienie!B:B, MATCH(A35, Zestawienie!A:A, 0))), NOT(ISNUMBER(INDEX(Zestawienie!B:B, MATCH(A35, Zestawienie!A:A, 0)))) ), "", TODAY()-INDEX(Zestawienie!B:B, MATCH(A35, Zestawienie!A:A, 0)) ), IF(OR(C35="Zajęte", C35="Spóźnione"), IF( ISBLANK( MAX( IF(ISNUMBER(INDEX(Zestawienie!C:C, 2*ROW()+1)), INDEX(Zestawienie!C:C, 2*ROW()+1), 0), IF(ISNUMBER(INDEX(Zestawienie!E:E, 2*ROW()+1)), INDEX(Zestawienie!E:E, 2*ROW()+1), 0), IF(ISNUMBER(INDEX(Zestawienie!G:G, 2*ROW()+1)), INDEX(Zestawienie!G:G, 2*ROW()+1), 0), IF(ISNUMBER(INDEX(Zestawienie!I:I, 2*ROW()+1)), INDEX(Zestawienie!I:I, 2*ROW()+1), 0), IF(ISNUMBER(INDEX(Zestawienie!K:K, 2*ROW()+1)), INDEX(Zestawienie!K:K, 2*ROW()+1), 0) ) ), "", IF(C35="Zajęte", TODAY()-MAX( IF(ISNUMBER(INDEX(Zestawienie!C:C, 2*ROW()+1)), INDEX(Zestawienie!C:C, 2*ROW()+1), 0), IF(ISNUMBER(INDEX(Zestawienie!E:E, 2*ROW()+1)), INDEX(Zestawienie!E:E, 2*ROW()+1), 0), IF(ISNUMBER(INDEX(Zestawienie!G:G, 2*ROW()+1)), INDEX(Zestawienie!G:G, 2*ROW()+1), 0), IF(ISNUMBER(INDEX(Zestawienie!I:I, 2*ROW()+1)), INDEX(Zestawienie!I:I, 2*ROW()+1), 0), IF(ISNUMBER(INDEX(Zestawienie!K:K, 2*ROW()+1)), INDEX(Zestawienie!K:K, 2*ROW()+1), 0) ), MAX(0, TODAY()-MAX( IF(ISNUMBER(INDEX(Zestawienie!C:C, 2*ROW()+1)), INDEX(Zestawienie!C:C, 2*ROW()+1), 0), IF(ISNUMBER(INDEX(Zestawienie!E:E, 2*ROW()+1)), INDEX(Zestawienie!E:E, 2*ROW()+1), 0), IF(ISNUMBER(INDEX(Zestawienie!G:G, 2*ROW()+1)), INDEX(Zestawienie!G:G, 2*ROW()+1), 0), IF(ISNUMBER(INDEX(Zestawienie!I:I, 2*ROW()+1)), INDEX(Zestawienie!I:I, 2*ROW()+1), 0), IF(ISNUMBER(INDEX(Zestawienie!K:K, 2*ROW()+1)), INDEX(Zestawienie!K:K, 2*ROW()+1), 0) )-120) ) ), "" ) ) ), "")} -> 111
A36: 35 | B36: =IFERROR(__xludf.DUMMYFUNCTION("IF( OR(C36=""Zajęte"", C36=""Spóźnione""), IFERROR( INDEX( FILTER( { INDEX(Zestawienie!K:K, ROW()*2); INDEX(Zestawienie!I:I, ROW()*2); INDEX(Zestawienie!G:G, ROW()*2); INDEX(Zestawienie!E:E, RO"&"W()*2); INDEX(Zestawienie!C:C, ROW()*2) }, { INDEX(Zestawienie!K:K, ROW()*2)<>"""" ; INDEX(Zestawienie!I:I, ROW()*2)<>"""" ; INDEX(Zestawienie!G:G, ROW()*2)<>"""" ; INDEX(Zestawienie!E:E, R"&"OW()*2)<>"""" ; INDEX(Zestawienie!C:C, ROW()*2)<>"""" } ), 1 ), """" ), """" ) "),"") | C36: {=IF( OR( AND(NOT(ISBLANK(INDEX(Zestawienie!C:C,ROW()*2+1))), INDEX(Zestawienie!C:C,ROW()*2+1)<TODAY()-120, ISBLANK(INDEX(Zestawienie!D:D,ROW()*2+1))), AND(NOT(ISBLANK(INDEX(Zestawienie!E:E,ROW()*2+1))), INDEX(Zestawienie!E:E,ROW()*2+1)<TODAY()-120, ISBLANK(INDEX(Zestawienie!F:F,ROW()*2+1))), AND(NOT(ISBLANK(INDEX(Zestawienie!G:G,ROW()*2+1))), INDEX(Zestawienie!G:G,ROW()*2+1)<TODAY()-120, ISBLANK(INDEX(Zestawienie!H:H,ROW()*2+1))), AND(NOT(ISBLANK(INDEX(Zestawienie!I:I,ROW()*2+1))), INDEX(Zestawienie!I:I,ROW()*2+1)<TODAY()-120, ISBLANK(INDEX(Zestawienie!J:J,ROW()*2+1))), AND(NOT(ISBLANK(INDEX(Zestawienie!K:K,ROW()*2+1))), INDEX(Zestawienie!K:K,ROW()*2+1)<TODAY()-120, ISBLANK(INDEX(Zestawienie!L:L,ROW()*2+1))) ), "Spóźnione", IF( OR( AND(NOT(ISBLANK(INDEX(Zestawienie!C:C,ROW()*2+1))), ISBLANK(INDEX(Zestawienie!D:D,ROW()*2+1))), AND(NOT(ISBLANK(INDEX(Zestawienie!E:E,ROW()*2+1))), ISBLANK(INDEX(Zestawienie!F:F,ROW()*2+1))), AND(NOT(ISBLANK(INDEX(Zestawienie!G:G,ROW()*2+1))), ISBLANK(INDEX(Zestawienie!H:H,ROW()*2+1))), AND(NOT(ISBLANK(INDEX(Zestawienie!I:I,ROW()*2+1))), ISBLANK(INDEX(Zestawienie!J:J,ROW()*2+1))), AND(NOT(ISBLANK(INDEX(Zestawienie!K:K,ROW()*2+1))), ISBLANK(INDEX(Zestawienie!L:L,ROW()*2+1))) ), "Zajęte", "Wolne" ) )} -> Wolne | D36: {=IFERROR( IF( ISBLANK(INDEX(Zestawienie!B:B, MATCH(A36, Zestawienie!A:A, 0))), "", IF(C36="Wolne", IF( OR( ISBLANK(INDEX(Zestawienie!B:B, MATCH(A36, Zestawienie!A:A, 0))), NOT(ISNUMBER(INDEX(Zestawienie!B:B, MATCH(A36, Zestawienie!A:A, 0)))) ), "", TODAY()-INDEX(Zestawienie!B:B, MATCH(A36, Zestawienie!A:A, 0)) ), IF(OR(C36="Zajęte", C36="Spóźnione"), IF( ISBLANK( MAX( IF(ISNUMBER(INDEX(Zestawienie!C:C, 2*ROW()+1)), INDEX(Zestawienie!C:C, 2*ROW()+1), 0), IF(ISNUMBER(INDEX(Zestawienie!E:E, 2*ROW()+1)), INDEX(Zestawienie!E:E, 2*ROW()+1), 0), IF(ISNUMBER(INDEX(Zestawienie!G:G, 2*ROW()+1)), INDEX(Zestawienie!G:G, 2*ROW()+1), 0), IF(ISNUMBER(INDEX(Zestawienie!I:I, 2*ROW()+1)), INDEX(Zestawienie!I:I, 2*ROW()+1), 0), IF(ISNUMBER(INDEX(Zestawienie!K:K, 2*ROW()+1)), INDEX(Zestawienie!K:K, 2*ROW()+1), 0) ) ), "", IF(C36="Zajęte", TODAY()-MAX( IF(ISNUMBER(INDEX(Zestawienie!C:C, 2*ROW()+1)), INDEX(Zestawienie!C:C, 2*ROW()+1), 0), IF(ISNUMBER(INDEX(Zestawienie!E:E, 2*ROW()+1)), INDEX(Zestawienie!E:E, 2*ROW()+1), 0), IF(ISNUMBER(INDEX(Zestawienie!G:G, 2*ROW()+1)), INDEX(Zestawienie!G:G, 2*ROW()+1), 0), IF(ISNUMBER(INDEX(Zestawienie!I:I, 2*ROW()+1)), INDEX(Zestawienie!I:I, 2*ROW()+1), 0), IF(ISNUMBER(INDEX(Zestawienie!K:K, 2*ROW()+1)), INDEX(Zestawienie!K:K, 2*ROW()+1), 0) ), MAX(0, TODAY()-MAX( IF(ISNUMBER(INDEX(Zestawienie!C:C, 2*ROW()+1)), INDEX(Zestawienie!C:C, 2*ROW()+1), 0), IF(ISNUMBER(INDEX(Zestawienie!E:E, 2*ROW()+1)), INDEX(Zestawienie!E:E, 2*ROW()+1), 0), IF(ISNUMBER(INDEX(Zestawienie!G:G, 2*ROW()+1)), INDEX(Zestawienie!G:G, 2*ROW()+1), 0), IF(ISNUMBER(INDEX(Zestawienie!I:I, 2*ROW()+1)), INDEX(Zestawienie!I:I, 2*ROW()+1), 0), IF(ISNUMBER(INDEX(Zestawienie!K:K, 2*ROW()+1)), INDEX(Zestawienie!K:K, 2*ROW()+1), 0) )-120) ) ), "" ) ) ), "")} -> 53
A37: 36 | B37: =IFERROR(__xludf.DUMMYFUNCTION("IF( OR(C37=""Zajęte"", C37=""Spóźnione""), IFERROR( INDEX( FILTER( { INDEX(Zestawienie!K:K, ROW()*2); INDEX(Zestawienie!I:I, ROW()*2); INDEX(Zestawienie!G:G, ROW()*2); INDEX(Zestawienie!E:E, RO"&"W()*2); INDEX(Zestawienie!C:C, ROW()*2) }, { INDEX(Zestawienie!K:K, ROW()*2)<>"""" ; INDEX(Zestawienie!I:I, ROW()*2)<>"""" ; INDEX(Zestawienie!G:G, ROW()*2)<>"""" ; INDEX(Zestawienie!E:E, R"&"OW()*2)<>"""" ; INDEX(Zestawienie!C:C, ROW()*2)<>"""" } ), 1 ), """" ), """" ) "),"Milewska Anna") -> Milewska Anna | C37: {=IF( OR( AND(NOT(ISBLANK(INDEX(Zestawienie!C:C,ROW()*2+1))), INDEX(Zestawienie!C:C,ROW()*2+1)<TODAY()-120, ISBLANK(INDEX(Zestawienie!D:D,ROW()*2+1))), AND(NOT(ISBLANK(INDEX(Zestawienie!E:E,ROW()*2+1))), INDEX(Zestawienie!E:E,ROW()*2+1)<TODAY()-120, ISBLANK(INDEX(Zestawienie!F:F,ROW()*2+1))), AND(NOT(ISBLANK(INDEX(Zestawienie!G:G,ROW()*2+1))), INDEX(Zestawienie!G:G,ROW()*2+1)<TODAY()-120, ISBLANK(INDEX(Zestawienie!H:H,ROW()*2+1))), AND(NOT(ISBLANK(INDEX(Zestawienie!I:I,ROW()*2+1))), INDEX(Zestawienie!I:I,ROW()*2+1)<TODAY()-120, ISBLANK(INDEX(Zestawienie!J:J,ROW()*2+1))), AND(NOT(ISBLANK(INDEX(Zestawienie!K:K,ROW()*2+1))), INDEX(Zestawienie!K:K,ROW()*2+1)<TODAY()-120, ISBLANK(INDEX(Zestawienie!L:L,ROW()*2+1))) ), "Spóźnione", IF( OR( AND(NOT(ISBLANK(INDEX(Zestawienie!C:C,ROW()*2+1))), ISBLANK(INDEX(Zestawienie!D:D,ROW()*2+1))), AND(NOT(ISBLANK(INDEX(Zestawienie!E:E,ROW()*2+1))), ISBLANK(INDEX(Zestawienie!F:F,ROW()*2+1))), AND(NOT(ISBLANK(INDEX(Zestawienie!G:G,ROW()*2+1))), ISBLANK(INDEX(Zestawienie!H:H,ROW()*2+1))), AND(NOT(ISBLANK(INDEX(Zestawienie!I:I,ROW()*2+1))), ISBLANK(INDEX(Zestawienie!J:J,ROW()*2+1))), AND(NOT(ISBLANK(INDEX(Zestawienie!K:K,ROW()*2+1))), ISBLANK(INDEX(Zestawienie!L:L,ROW()*2+1))) ), "Zajęte", "Wolne" ) )} -> Zajęte | D37: {=IFERROR( IF( ISBLANK(INDEX(Zestawienie!B:B, MATCH(A37, Zestawienie!A:A, 0))), "", IF(C37="Wolne", IF( OR( ISBLANK(INDEX(Zestawienie!B:B, MATCH(A37, Zestawienie!A:A, 0))), NOT(ISNUMBER(INDEX(Zestawienie!B:B, MATCH(A37, Zestawienie!A:A, 0)))) ), "", TODAY()-INDEX(Zestawienie!B:B, MATCH(A37, Zestawienie!A:A, 0)) ), IF(OR(C37="Zajęte", C37="Spóźnione"), IF( ISBLANK( MAX( IF(ISNUMBER(INDEX(Zestawienie!C:C, 2*ROW()+1)), INDEX(Zestawienie!C:C, 2*ROW()+1), 0), IF(ISNUMBER(INDEX(Zestawienie!E:E, 2*ROW()+1)), INDEX(Zestawienie!E:E, 2*ROW()+1), 0), IF(ISNUMBER(INDEX(Zestawienie!G:G, 2*ROW()+1)), INDEX(Zestawienie!G:G, 2*ROW()+1), 0), IF(ISNUMBER(INDEX(Zestawienie!I:I, 2*ROW()+1)), INDEX(Zestawienie!I:I, 2*ROW()+1), 0), IF(ISNUMBER(INDEX(Zestawienie!K:K, 2*ROW()+1)), INDEX(Zestawienie!K:K, 2*ROW()+1), 0) ) ), "", IF(C37="Zajęte", TODAY()-MAX( IF(ISNUMBER(INDEX(Zestawienie!C:C, 2*ROW()+1)), INDEX(Zestawienie!C:C, 2*ROW()+1), 0), IF(ISNUMBER(INDEX(Zestawienie!E:E, 2*ROW()+1)), INDEX(Zestawienie!E:E, 2*ROW()+1), 0), IF(ISNUMBER(INDEX(Zestawienie!G:G, 2*ROW()+1)), INDEX(Zestawienie!G:G, 2*ROW()+1), 0), IF(ISNUMBER(INDEX(Zestawienie!I:I, 2*ROW()+1)), INDEX(Zestawienie!I:I, 2*ROW()+1), 0), IF(ISNUMBER(INDEX(Zestawienie!K:K, 2*ROW()+1)), INDEX(Zestawienie!K:K, 2*ROW()+1), 0) ), MAX(0, TODAY()-MAX( IF(ISNUMBER(INDEX(Zestawienie!C:C, 2*ROW()+1)), INDEX(Zestawienie!C:C, 2*ROW()+1), 0), IF(ISNUMBER(INDEX(Zestawienie!E:E, 2*ROW()+1)), INDEX(Zestawienie!E:E, 2*ROW()+1), 0), IF(ISNUMBER(INDEX(Zestawienie!G:G, 2*ROW()+1)), INDEX(Zestawienie!G:G, 2*ROW()+1), 0), IF(ISNUMBER(INDEX(Zestawienie!I:I, 2*ROW()+1)), INDEX(Zestawienie!I:I, 2*ROW()+1), 0), IF(ISNUMBER(INDEX(Zestawienie!K:K, 2*ROW()+1)), INDEX(Zestawienie!K:K, 2*ROW()+1), 0) )-120) ) ), "" ) ) ), "")} -> 8
A38: 37 | B38: =IFERROR(__xludf.DUMMYFUNCTION("IF( OR(C38=""Zajęte"", C38=""Spóźnione""), IFERROR( INDEX( FILTER( { INDEX(Zestawienie!K:K, ROW()*2); INDEX(Zestawienie!I:I, ROW()*2); INDEX(Zestawienie!G:G, ROW()*2); INDEX(Zestawienie!E:E, RO"&"W()*2); INDEX(Zestawienie!C:C, ROW()*2) }, { INDEX(Zestawienie!K:K, ROW()*2)<>"""" ; INDEX(Zestawienie!I:I, ROW()*2)<>"""" ; INDEX(Zestawienie!G:G, ROW()*2)<>"""" ; INDEX(Zestawienie!E:E, R"&"OW()*2)<>"""" ; INDEX(Zestawienie!C:C, ROW()*2)<>"""" } ), 1 ), """" ), """" ) "),"Wojewódzki Kamil") -> Wojewódzki Kamil | C38: {=IF( OR( AND(NOT(ISBLANK(INDEX(Zestawienie!C:C,ROW()*2+1))), INDEX(Zestawienie!C:C,ROW()*2+1)<TODAY()-120, ISBLANK(INDEX(Zestawienie!D:D,ROW()*2+1))), AND(NOT(ISBLANK(INDEX(Zestawienie!E:E,ROW()*2+1))), INDEX(Zestawienie!E:E,ROW()*2+1)<TODAY()-120, ISBLANK(INDEX(Zestawienie!F:F,ROW()*2+1))), AND(NOT(ISBLANK(INDEX(Zestawienie!G:G,ROW()*2+1))), INDEX(Zestawienie!G:G,ROW()*2+1)<TODAY()-120, ISBLANK(INDEX(Zestawienie!H:H,ROW()*2+1))), AND(NOT(ISBLANK(INDEX(Zestawienie!I:I,ROW()*2+1))), INDEX(Zestawienie!I:I,ROW()*2+1)<TODAY()-120, ISBLANK(INDEX(Zestawienie!J:J,ROW()*2+1))), AND(NOT(ISBLANK(INDEX(Zestawienie!K:K,ROW()*2+1))), INDEX(Zestawienie!K:K,ROW()*2+1)<TODAY()-120, ISBLANK(INDEX(Zestawienie!L:L,ROW()*2+1))) ), "Spóźnione", IF( OR( AND(NOT(ISBLANK(INDEX(Zestawienie!C:C,ROW()*2+1))), ISBLANK(INDEX(Zestawienie!D:D,ROW()*2+1))), AND(NOT(ISBLANK(INDEX(Zestawienie!E:E,ROW()*2+1))), ISBLANK(INDEX(Zestawienie!F:F,ROW()*2+1))), AND(NOT(ISBLANK(INDEX(Zestawienie!G:G,ROW()*2+1))), ISBLANK(INDEX(Zestawienie!H:H,ROW()*2+1))), AND(NOT(ISBLANK(INDEX(Zestawienie!I:I,ROW()*2+1))), ISBLANK(INDEX(Zestawienie!J:J,ROW()*2+1))), AND(NOT(ISBLANK(INDEX(Zestawienie!K:K,ROW()*2+1))), ISBLANK(INDEX(Zestawienie!L:L,ROW()*2+1))) ), "Zajęte", "Wolne" ) )} -> Spóźnione | D38: {=IFERROR( IF( ISBLANK(INDEX(Zestawienie!B:B, MATCH(A38, Zestawienie!A:A, 0))), "", IF(C38="Wolne", IF( OR( ISBLANK(INDEX(Zestawienie!B:B, MATCH(A38, Zestawienie!A:A, 0))), NOT(ISNUMBER(INDEX(Zestawienie!B:B, MATCH(A38, Zestawienie!A:A, 0)))) ), "", TODAY()-INDEX(Zestawienie!B:B, MATCH(A38, Zestawienie!A:A, 0)) ), IF(OR(C38="Zajęte", C38="Spóźnione"), IF( ISBLANK( MAX( IF(ISNUMBER(INDEX(Zestawienie!C:C, 2*ROW()+1)), INDEX(Zestawienie!C:C, 2*ROW()+1), 0), IF(ISNUMBER(INDEX(Zestawienie!E:E, 2*ROW()+1)), INDEX(Zestawienie!E:E, 2*ROW()+1), 0), IF(ISNUMBER(INDEX(Zestawienie!G:G, 2*ROW()+1)), INDEX(Zestawienie!G:G, 2*ROW()+1), 0), IF(ISNUMBER(INDEX(Zestawienie!I:I, 2*ROW()+1)), INDEX(Zestawienie!I:I, 2*ROW()+1), 0), IF(ISNUMBER(INDEX(Zestawienie!K:K, 2*ROW()+1)), INDEX(Zestawienie!K:K, 2*ROW()+1), 0) ) ), "", IF(C38="Zajęte", TODAY()-MAX( IF(ISNUMBER(INDEX(Zestawienie!C:C, 2*ROW()+1)), INDEX(Zestawienie!C:C, 2*ROW()+1), 0), IF(ISNUMBER(INDEX(Zestawienie!E:E, 2*ROW()+1)), INDEX(Zestawienie!E:E, 2*ROW()+1), 0), IF(ISNUMBER(INDEX(Zestawienie!G:G, 2*ROW()+1)), INDEX(Zestawienie!G:G, 2*ROW()+1), 0), IF(ISNUMBER(INDEX(Zestawienie!I:I, 2*ROW()+1)), INDEX(Zestawienie!I:I, 2*ROW()+1), 0), IF(ISNUMBER(INDEX(Zestawienie!K:K, 2*ROW()+1)), INDEX(Zestawienie!K:K, 2*ROW()+1), 0) ), MAX(0, TODAY()-MAX( IF(ISNUMBER(INDEX(Zestawienie!C:C, 2*ROW()+1)), INDEX(Zestawienie!C:C, 2*ROW()+1), 0), IF(ISNUMBER(INDEX(Zestawienie!E:E, 2*ROW()+1)), INDEX(Zestawienie!E:E, 2*ROW()+1), 0), IF(ISNUMBER(INDEX(Zestawienie!G:G, 2*ROW()+1)), INDEX(Zestawienie!G:G, 2*ROW()+1), 0), IF(ISNUMBER(INDEX(Zestawienie!I:I, 2*ROW()+1)), INDEX(Zestawienie!I:I, 2*ROW()+1), 0), IF(ISNUMBER(INDEX(Zestawienie!K:K, 2*ROW()+1)), INDEX(Zestawienie!K:K, 2*ROW()+1), 0) )-120) ) ), "" ) ) ), "")} -> 123
A39: 38 | B39: =IFERROR(__xludf.DUMMYFUNCTION("IF( OR(C39=""Zajęte"", C39=""Spóźnione""), IFERROR( INDEX( FILTER( { INDEX(Zestawienie!K:K, ROW()*2); INDEX(Zestawienie!I:I, ROW()*2); INDEX(Zestawienie!G:G, ROW()*2); INDEX(Zestawienie!E:E, RO"&"W()*2); INDEX(Zestawienie!C:C, ROW()*2) }, { INDEX(Zestawienie!K:K, ROW()*2)<>"""" ; INDEX(Zestawienie!I:I, ROW()*2)<>"""" ; INDEX(Zestawienie!G:G, ROW()*2)<>"""" ; INDEX(Zestawienie!E:E, R"&"OW()*2)<>"""" ; INDEX(Zestawienie!C:C, ROW()*2)<>"""" } ), 1 ), """" ), """" ) "),"") | C39: {=IF( OR( AND(NOT(ISBLANK(INDEX(Zestawienie!C:C,ROW()*2+1))), INDEX(Zestawienie!C:C,ROW()*2+1)<TODAY()-120, ISBLANK(INDEX(Zestawienie!D:D,ROW()*2+1))), AND(NOT(ISBLANK(INDEX(Zestawienie!E:E,ROW()*2+1))), INDEX(Zestawienie!E:E,ROW()*2+1)<TODAY()-120, ISBLANK(INDEX(Zestawienie!F:F,ROW()*2+1))), AND(NOT(ISBLANK(INDEX(Zestawienie!G:G,ROW()*2+1))), INDEX(Zestawienie!G:G,ROW()*2+1)<TODAY()-120, ISBLANK(INDEX(Zestawienie!H:H,ROW()*2+1))), AND(NOT(ISBLANK(INDEX(Zestawienie!I:I,ROW()*2+1))), INDEX(Zestawienie!I:I,ROW()*2+1)<TODAY()-120, ISBLANK(INDEX(Zestawienie!J:J,ROW()*2+1))), AND(NOT(ISBLANK(INDEX(Zestawienie!K:K,ROW()*2+1))), INDEX(Zestawienie!K:K,ROW()*2+1)<TODAY()-120, ISBLANK(INDEX(Zestawienie!L:L,ROW()*2+1))) ), "Spóźnione", IF( OR( AND(NOT(ISBLANK(INDEX(Zestawienie!C:C,ROW()*2+1))), ISBLANK(INDEX(Zestawienie!D:D,ROW()*2+1))), AND(NOT(ISBLANK(INDEX(Zestawienie!E:E,ROW()*2+1))), ISBLANK(INDEX(Zestawienie!F:F,ROW()*2+1))), AND(NOT(ISBLANK(INDEX(Zestawienie!G:G,ROW()*2+1))), ISBLANK(INDEX(Zestawienie!H:H,ROW()*2+1))), AND(NOT(ISBLANK(INDEX(Zestawienie!I:I,ROW()*2+1))), ISBLANK(INDEX(Zestawienie!J:J,ROW()*2+1))), AND(NOT(ISBLANK(INDEX(Zestawienie!K:K,ROW()*2+1))), ISBLANK(INDEX(Zestawienie!L:L,ROW()*2+1))) ), "Zajęte", "Wolne" ) )} -> Wolne | D39: {=IFERROR( IF( ISBLANK(INDEX(Zestawienie!B:B, MATCH(A39, Zestawienie!A:A, 0))), "", IF(C39="Wolne", IF( OR( ISBLANK(INDEX(Zestawienie!B:B, MATCH(A39, Zestawienie!A:A, 0))), NOT(ISNUMBER(INDEX(Zestawienie!B:B, MATCH(A39, Zestawienie!A:A, 0)))) ), "", TODAY()-INDEX(Zestawienie!B:B, MATCH(A39, Zestawienie!A:A, 0)) ), IF(OR(C39="Zajęte", C39="Spóźnione"), IF( ISBLANK( MAX( IF(ISNUMBER(INDEX(Zestawienie!C:C, 2*ROW()+1)), INDEX(Zestawienie!C:C, 2*ROW()+1), 0), IF(ISNUMBER(INDEX(Zestawienie!E:E, 2*ROW()+1)), INDEX(Zestawienie!E:E, 2*ROW()+1), 0), IF(ISNUMBER(INDEX(Zestawienie!G:G, 2*ROW()+1)), INDEX(Zestawienie!G:G, 2*ROW()+1), 0), IF(ISNUMBER(INDEX(Zestawienie!I:I, 2*ROW()+1)), INDEX(Zestawienie!I:I, 2*ROW()+1), 0), IF(ISNUMBER(INDEX(Zestawienie!K:K, 2*ROW()+1)), INDEX(Zestawienie!K:K, 2*ROW()+1), 0) ) ), "", IF(C39="Zajęte", TODAY()-MAX( IF(ISNUMBER(INDEX(Zestawienie!C:C, 2*ROW()+1)), INDEX(Zestawienie!C:C, 2*ROW()+1), 0), IF(ISNUMBER(INDEX(Zestawienie!E:E, 2*ROW()+1)), INDEX(Zestawienie!E:E, 2*ROW()+1), 0), IF(ISNUMBER(INDEX(Zestawienie!G:G, 2*ROW()+1)), INDEX(Zestawienie!G:G, 2*ROW()+1), 0), IF(ISNUMBER(INDEX(Zestawienie!I:I, 2*ROW()+1)), INDEX(Zestawienie!I:I, 2*ROW()+1), 0), IF(ISNUMBER(INDEX(Zestawienie!K:K, 2*ROW()+1)), INDEX(Zestawienie!K:K, 2*ROW()+1), 0) ), MAX(0, TODAY()-MAX( IF(ISNUMBER(INDEX(Zestawienie!C:C, 2*ROW()+1)), INDEX(Zestawienie!C:C, 2*ROW()+1), 0), IF(ISNUMBER(INDEX(Zestawienie!E:E, 2*ROW()+1)), INDEX(Zestawienie!E:E, 2*ROW()+1), 0), IF(ISNUMBER(INDEX(Zestawienie!G:G, 2*ROW()+1)), INDEX(Zestawienie!G:G, 2*ROW()+1), 0), IF(ISNUMBER(INDEX(Zestawienie!I:I, 2*ROW()+1)), INDEX(Zestawienie!I:I, 2*ROW()+1), 0), IF(ISNUMBER(INDEX(Zestawienie!K:K, 2*ROW()+1)), INDEX(Zestawienie!K:K, 2*ROW()+1), 0) )-120) ) ), "" ) ) ), "")} -> 137
A40: 39 | B40: =IFERROR(__xludf.DUMMYFUNCTION("IF( OR(C40=""Zajęte"", C40=""Spóźnione""), IFERROR( INDEX( FILTER( { INDEX(Zestawienie!K:K, ROW()*2); INDEX(Zestawienie!I:I, ROW()*2); INDEX(Zestawienie!G:G, ROW()*2); INDEX(Zestawienie!E:E, RO"&"W()*2); INDEX(Zestawienie!C:C, ROW()*2) }, { INDEX(Zestawienie!K:K, ROW()*2)<>"""" ; INDEX(Zestawienie!I:I, ROW()*2)<>"""" ; INDEX(Zestawienie!G:G, ROW()*2)<>"""" ; INDEX(Zestawienie!E:E, R"&"OW()*2)<>"""" ; INDEX(Zestawienie!C:C, ROW()*2)<>"""" } ), 1 ), """" ), """" ) "),"") | C40: {=IF( OR( AND(NOT(ISBLANK(INDEX(Zestawienie!C:C,ROW()*2+1))), INDEX(Zestawienie!C:C,ROW()*2+1)<TODAY()-120, ISBLANK(INDEX(Zestawienie!D:D,ROW()*2+1))), AND(NOT(ISBLANK(INDEX(Zestawienie!E:E,ROW()*2+1))), INDEX(Zestawienie!E:E,ROW()*2+1)<TODAY()-120, ISBLANK(INDEX(Zestawienie!F:F,ROW()*2+1))), AND(NOT(ISBLANK(INDEX(Zestawienie!G:G,ROW()*2+1))), INDEX(Zestawienie!G:G,ROW()*2+1)<TODAY()-120, ISBLANK(INDEX(Zestawienie!H:H,ROW()*2+1))), AND(NOT(ISBLANK(INDEX(Zestawienie!I:I,ROW()*2+1))), INDEX(Zestawienie!I:I,ROW()*2+1)<TODAY()-120, ISBLANK(INDEX(Zestawienie!J:J,ROW()*2+1))), AND(NOT(ISBLANK(INDEX(Zestawienie!K:K,ROW()*2+1))), INDEX(Zestawienie!K:K,ROW()*2+1)<TODAY()-120, ISBLANK(INDEX(Zestawienie!L:L,ROW()*2+1))) ), "Spóźnione", IF( OR( AND(NOT(ISBLANK(INDEX(Zestawienie!C:C,ROW()*2+1))), ISBLANK(INDEX(Zestawienie!D:D,ROW()*2+1))), AND(NOT(ISBLANK(INDEX(Zestawienie!E:E,ROW()*2+1))), ISBLANK(INDEX(Zestawienie!F:F,ROW()*2+1))), AND(NOT(ISBLANK(INDEX(Zestawienie!G:G,ROW()*2+1))), ISBLANK(INDEX(Zestawienie!H:H,ROW()*2+1))), AND(NOT(ISBLANK(INDEX(Zestawienie!I:I,ROW()*2+1))), ISBLANK(INDEX(Zestawienie!J:J,ROW()*2+1))), AND(NOT(ISBLANK(INDEX(Zestawienie!K:K,ROW()*2+1))), ISBLANK(INDEX(Zestawienie!L:L,ROW()*2+1))) ), "Zajęte", "Wolne" ) )} -> Wolne | D40: {=IFERROR( IF( ISBLANK(INDEX(Zestawienie!B:B, MATCH(A40, Zestawienie!A:A, 0))), "", IF(C40="Wolne", IF( OR( ISBLANK(INDEX(Zestawienie!B:B, MATCH(A40, Zestawienie!A:A, 0))), NOT(ISNUMBER(INDEX(Zestawienie!B:B, MATCH(A40, Zestawienie!A:A, 0)))) ), "", TODAY()-INDEX(Zestawienie!B:B, MATCH(A40, Zestawienie!A:A, 0)) ), IF(OR(C40="Zajęte", C40="Spóźnione"), IF( ISBLANK( MAX( IF(ISNUMBER(INDEX(Zestawienie!C:C, 2*ROW()+1)), INDEX(Zestawienie!C:C, 2*ROW()+1), 0), IF(ISNUMBER(INDEX(Zestawienie!E:E, 2*ROW()+1)), INDEX(Zestawienie!E:E, 2*ROW()+1), 0), IF(ISNUMBER(INDEX(Zestawienie!G:G, 2*ROW()+1)), INDEX(Zestawienie!G:G, 2*ROW()+1), 0), IF(ISNUMBER(INDEX(Zestawienie!I:I, 2*ROW()+1)), INDEX(Zestawienie!I:I, 2*ROW()+1), 0), IF(ISNUMBER(INDEX(Zestawienie!K:K, 2*ROW()+1)), INDEX(Zestawienie!K:K, 2*ROW()+1), 0) ) ), "", IF(C40="Zajęte", TODAY()-MAX( IF(ISNUMBER(INDEX(Zestawienie!C:C, 2*ROW()+1)), INDEX(Zestawienie!C:C, 2*ROW()+1), 0), IF(ISNUMBER(INDEX(Zestawienie!E:E, 2*ROW()+1)), INDEX(Zestawienie!E:E, 2*ROW()+1), 0), IF(ISNUMBER(INDEX(Zestawienie!G:G, 2*ROW()+1)), INDEX(Zestawienie!G:G, 2*ROW()+1), 0), IF(ISNUMBER(INDEX(Zestawienie!I:I, 2*ROW()+1)), INDEX(Zestawienie!I:I, 2*ROW()+1), 0), IF(ISNUMBER(INDEX(Zestawienie!K:K, 2*ROW()+1)), INDEX(Zestawienie!K:K, 2*ROW()+1), 0) ), MAX(0, TODAY()-MAX( IF(ISNUMBER(INDEX(Zestawienie!C:C, 2*ROW()+1)), INDEX(Zestawienie!C:C, 2*ROW()+1), 0), IF(ISNUMBER(INDEX(Zestawienie!E:E, 2*ROW()+1)), INDEX(Zestawienie!E:E, 2*ROW()+1), 0), IF(ISNUMBER(INDEX(Zestawienie!G:G, 2*ROW()+1)), INDEX(Zestawienie!G:G, 2*ROW()+1), 0), IF(ISNUMBER(INDEX(Zestawienie!I:I, 2*ROW()+1)), INDEX(Zestawienie!I:I, 2*ROW()+1), 0), IF(ISNUMBER(INDEX(Zestawienie!K:K, 2*ROW()+1)), INDEX(Zestawienie!K:K, 2*ROW()+1), 0) )-120) ) ), "" ) ) ), "")} -> 8
A41: 40 | B41: =IFERROR(__xludf.DUMMYFUNCTION("IF( OR(C41=""Zajęte"", C41=""Spóźnione""), IFERROR( INDEX( FILTER( { INDEX(Zestawienie!K:K, ROW()*2); INDEX(Zestawienie!I:I, ROW()*2); INDEX(Zestawienie!G:G, ROW()*2); INDEX(Zestawienie!E:E, RO"&"W()*2); INDEX(Zestawienie!C:C, ROW()*2) }, { INDEX(Zestawienie!K:K, ROW()*2)<>"""" ; INDEX(Zestawienie!I:I, ROW()*2)<>"""" ; INDEX(Zestawienie!G:G, ROW()*2)<>"""" ; INDEX(Zestawienie!E:E, R"&"OW()*2)<>"""" ; INDEX(Zestawienie!C:C, ROW()*2)<>"""" } ), 1 ), """" ), """" ) "),"Szczepanik Jan") -> Szczepanik Jan | C41: {=IF( OR( AND(NOT(ISBLANK(INDEX(Zestawienie!C:C,ROW()*2+1))), INDEX(Zestawienie!C:C,ROW()*2+1)<TODAY()-120, ISBLANK(INDEX(Zestawienie!D:D,ROW()*2+1))), AND(NOT(ISBLANK(INDEX(Zestawienie!E:E,ROW()*2+1))), INDEX(Zestawienie!E:E,ROW()*2+1)<TODAY()-120, ISBLANK(INDEX(Zestawienie!F:F,ROW()*2+1))), AND(NOT(ISBLANK(INDEX(Zestawienie!G:G,ROW()*2+1))), INDEX(Zestawienie!G:G,ROW()*2+1)<TODAY()-120, ISBLANK(INDEX(Zestawienie!H:H,ROW()*2+1))), AND(NOT(ISBLANK(INDEX(Zestawienie!I:I,ROW()*2+1))), INDEX(Zestawienie!I:I,ROW()*2+1)<TODAY()-120, ISBLANK(INDEX(Zestawienie!J:J,ROW()*2+1))), AND(NOT(ISBLANK(INDEX(Zestawienie!K:K,ROW()*2+1))), INDEX(Zestawienie!K:K,ROW()*2+1)<TODAY()-120, ISBLANK(INDEX(Zestawienie!L:L,ROW()*2+1))) ), "Spóźnione", IF( OR( AND(NOT(ISBLANK(INDEX(Zestawienie!C:C,ROW()*2+1))), ISBLANK(INDEX(Zestawienie!D:D,ROW()*2+1))), AND(NOT(ISBLANK(INDEX(Zestawienie!E:E,ROW()*2+1))), ISBLANK(INDEX(Zestawienie!F:F,ROW()*2+1))), AND(NOT(ISBLANK(INDEX(Zestawienie!G:G,ROW()*2+1))), ISBLANK(INDEX(Zestawienie!H:H,ROW()*2+1))), AND(NOT(ISBLANK(INDEX(Zestawienie!I:I,ROW()*2+1))), ISBLANK(INDEX(Zestawienie!J:J,ROW()*2+1))), AND(NOT(ISBLANK(INDEX(Zestawienie!K:K,ROW()*2+1))), ISBLANK(INDEX(Zestawienie!L:L,ROW()*2+1))) ), "Zajęte", "Wolne" ) )} -> Zajęte | D41: {=IFERROR( IF( ISBLANK(INDEX(Zestawienie!B:B, MATCH(A41, Zestawienie!A:A, 0))), "", IF(C41="Wolne", IF( OR( ISBLANK(INDEX(Zestawienie!B:B, MATCH(A41, Zestawienie!A:A, 0))), NOT(ISNUMBER(INDEX(Zestawienie!B:B, MATCH(A41, Zestawienie!A:A, 0)))) ), "", TODAY()-INDEX(Zestawienie!B:B, MATCH(A41, Zestawienie!A:A, 0)) ), IF(OR(C41="Zajęte", C41="Spóźnione"), IF( ISBLANK( MAX( IF(ISNUMBER(INDEX(Zestawienie!C:C, 2*ROW()+1)), INDEX(Zestawienie!C:C, 2*ROW()+1), 0), IF(ISNUMBER(INDEX(Zestawienie!E:E, 2*ROW()+1)), INDEX(Zestawienie!E:E, 2*ROW()+1), 0), IF(ISNUMBER(INDEX(Zestawienie!G:G, 2*ROW()+1)), INDEX(Zestawienie!G:G, 2*ROW()+1), 0), IF(ISNUMBER(INDEX(Zestawienie!I:I, 2*ROW()+1)), INDEX(Zestawienie!I:I, 2*ROW()+1), 0), IF(ISNUMBER(INDEX(Zestawienie!K:K, 2*ROW()+1)), INDEX(Zestawienie!K:K, 2*ROW()+1), 0) ) ), "", IF(C41="Zajęte", TODAY()-MAX( IF(ISNUMBER(INDEX(Zestawienie!C:C, 2*ROW()+1)), INDEX(Zestawienie!C:C, 2*ROW()+1), 0), IF(ISNUMBER(INDEX(Zestawienie!E:E, 2*ROW()+1)), INDEX(Zestawienie!E:E, 2*ROW()+1), 0), IF(ISNUMBER(INDEX(Zestawienie!G:G, 2*ROW()+1)), INDEX(Zestawienie!G:G, 2*ROW()+1), 0), IF(ISNUMBER(INDEX(Zestawienie!I:I, 2*ROW()+1)), INDEX(Zestawienie!I:I, 2*ROW()+1), 0), IF(ISNUMBER(INDEX(Zestawienie!K:K, 2*ROW()+1)), INDEX(Zestawienie!K:K, 2*ROW()+1), 0) ), MAX(0, TODAY()-MAX( IF(ISNUMBER(INDEX(Zestawienie!C:C, 2*ROW()+1)), INDEX(Zestawienie!C:C, 2*ROW()+1), 0), IF(ISNUMBER(INDEX(Zestawienie!E:E, 2*ROW()+1)), INDEX(Zestawienie!E:E, 2*ROW()+1), 0), IF(ISNUMBER(INDEX(Zestawienie!G:G, 2*ROW()+1)), INDEX(Zestawienie!G:G, 2*ROW()+1), 0), IF(ISNUMBER(INDEX(Zestawienie!I:I, 2*ROW()+1)), INDEX(Zestawienie!I:I, 2*ROW()+1), 0), IF(ISNUMBER(INDEX(Zestawienie!K:K, 2*ROW()+1)), INDEX(Zestawienie!K:K, 2*ROW()+1), 0) )-120) ) ), "" ) ) ), "")} -> 97
A42: 41 | B42: =IFERROR(__xludf.DUMMYFUNCTION("IF( OR(C42=""Zajęte"", C42=""Spóźnione""), IFERROR( INDEX( FILTER( { INDEX(Zestawienie!K:K, ROW()*2); INDEX(Zestawienie!I:I, ROW()*2); INDEX(Zestawienie!G:G, ROW()*2); INDEX(Zestawienie!E:E, RO"&"W()*2); INDEX(Zestawienie!C:C, ROW()*2) }, { INDEX(Zestawienie!K:K, ROW()*2)<>"""" ; INDEX(Zestawienie!I:I, ROW()*2)<>"""" ; INDEX(Zestawienie!G:G, ROW()*2)<>"""" ; INDEX(Zestawienie!E:E, R"&"OW()*2)<>"""" ; INDEX(Zestawienie!C:C, ROW()*2)<>"""" } ), 1 ), """" ), """" ) "),"") | C42: {=IF( OR( AND(NOT(ISBLANK(INDEX(Zestawienie!C:C,ROW()*2+1))), INDEX(Zestawienie!C:C,ROW()*2+1)<TODAY()-120, ISBLANK(INDEX(Zestawienie!D:D,ROW()*2+1))), AND(NOT(ISBLANK(INDEX(Zestawienie!E:E,ROW()*2+1))), INDEX(Zestawienie!E:E,ROW()*2+1)<TODAY()-120, ISBLANK(INDEX(Zestawienie!F:F,ROW()*2+1))), AND(NOT(ISBLANK(INDEX(Zestawienie!G:G,ROW()*2+1))), INDEX(Zestawienie!G:G,ROW()*2+1)<TODAY()-120, ISBLANK(INDEX(Zestawienie!H:H,ROW()*2+1))), AND(NOT(ISBLANK(INDEX(Zestawienie!I:I,ROW()*2+1))), INDEX(Zestawienie!I:I,ROW()*2+1)<TODAY()-120, ISBLANK(INDEX(Zestawienie!J:J,ROW()*2+1))), AND(NOT(ISBLANK(INDEX(Zestawienie!K:K,ROW()*2+1))), INDEX(Zestawienie!K:K,ROW()*2+1)<TODAY()-120, ISBLANK(INDEX(Zestawienie!L:L,ROW()*2+1))) ), "Spóźnione", IF( OR( AND(NOT(ISBLANK(INDEX(Zestawienie!C:C,ROW()*2+1))), ISBLANK(INDEX(Zestawienie!D:D,ROW()*2+1))), AND(NOT(ISBLANK(INDEX(Zestawienie!E:E,ROW()*2+1))), ISBLANK(INDEX(Zestawienie!F:F,ROW()*2+1))), AND(NOT(ISBLANK(INDEX(Zestawienie!G:G,ROW()*2+1))), ISBLANK(INDEX(Zestawienie!H:H,ROW()*2+1))), AND(NOT(ISBLANK(INDEX(Zestawienie!I:I,ROW()*2+1))), ISBLANK(INDEX(Zestawienie!J:J,ROW()*2+1))), AND(NOT(ISBLANK(INDEX(Zestawienie!K:K,ROW()*2+1))), ISBLANK(INDEX(Zestawienie!L:L,ROW()*2+1))) ), "Zajęte", "Wolne" ) )} -> Wolne | D42: {=IFERROR( IF( ISBLANK(INDEX(Zestawienie!B:B, MATCH(A42, Zestawienie!A:A, 0))), "", IF(C42="Wolne", IF( OR( ISBLANK(INDEX(Zestawienie!B:B, MATCH(A42, Zestawienie!A:A, 0))), NOT(ISNUMBER(INDEX(Zestawienie!B:B, MATCH(A42, Zestawienie!A:A, 0)))) ), "", TODAY()-INDEX(Zestawienie!B:B, MATCH(A42, Zestawienie!A:A, 0)) ), IF(OR(C42="Zajęte", C42="Spóźnione"), IF( ISBLANK( MAX( IF(ISNUMBER(INDEX(Zestawienie!C:C, 2*ROW()+1)), INDEX(Zestawienie!C:C, 2*ROW()+1), 0), IF(ISNUMBER(INDEX(Zestawienie!E:E, 2*ROW()+1)), INDEX(Zestawienie!E:E, 2*ROW()+1), 0), IF(ISNUMBER(INDEX(Zestawienie!G:G, 2*ROW()+1)), INDEX(Zestawienie!G:G, 2*ROW()+1), 0), IF(ISNUMBER(INDEX(Zestawienie!I:I, 2*ROW()+1)), INDEX(Zestawienie!I:I, 2*ROW()+1), 0), IF(ISNUMBER(INDEX(Zestawienie!K:K, 2*ROW()+1)), INDEX(Zestawienie!K:K, 2*ROW()+1), 0) ) ), "", IF(C42="Zajęte", TODAY()-MAX( IF(ISNUMBER(INDEX(Zestawienie!C:C, 2*ROW()+1)), INDEX(Zestawienie!C:C, 2*ROW()+1), 0), IF(ISNUMBER(INDEX(Zestawienie!E:E, 2*ROW()+1)), INDEX(Zestawienie!E:E, 2*ROW()+1), 0), IF(ISNUMBER(INDEX(Zestawienie!G:G, 2*ROW()+1)), INDEX(Zestawienie!G:G, 2*ROW()+1), 0), IF(ISNUMBER(INDEX(Zestawienie!I:I, 2*ROW()+1)), INDEX(Zestawienie!I:I, 2*ROW()+1), 0), IF(ISNUMBER(INDEX(Zestawienie!K:K, 2*ROW()+1)), INDEX(Zestawienie!K:K, 2*ROW()+1), 0) ), MAX(0, TODAY()-MAX( IF(ISNUMBER(INDEX(Zestawienie!C:C, 2*ROW()+1)), INDEX(Zestawienie!C:C, 2*ROW()+1), 0), IF(ISNUMBER(INDEX(Zestawienie!E:E, 2*ROW()+1)), INDEX(Zestawienie!E:E, 2*ROW()+1), 0), IF(ISNUMBER(INDEX(Zestawienie!G:G, 2*ROW()+1)), INDEX(Zestawienie!G:G, 2*ROW()+1), 0), IF(ISNUMBER(INDEX(Zestawienie!I:I, 2*ROW()+1)), INDEX(Zestawienie!I:I, 2*ROW()+1), 0), IF(ISNUMBER(INDEX(Zestawienie!K:K, 2*ROW()+1)), INDEX(Zestawienie!K:K, 2*ROW()+1), 0) )-120) ) ), "" ) ) ), "")} -> 144
A43: 42 | B43: =IFERROR(__xludf.DUMMYFUNCTION("IF( OR(C43=""Zajęte"", C43=""Spóźnione""), IFERROR( INDEX( FILTER( { INDEX(Zestawienie!K:K, ROW()*2); INDEX(Zestawienie!I:I, ROW()*2); INDEX(Zestawienie!G:G, ROW()*2); INDEX(Zestawienie!E:E, RO"&"W()*2); INDEX(Zestawienie!C:C, ROW()*2) }, { INDEX(Zestawienie!K:K, ROW()*2)<>"""" ; INDEX(Zestawienie!I:I, ROW()*2)<>"""" ; INDEX(Zestawienie!G:G, ROW()*2)<>"""" ; INDEX(Zestawienie!E:E, R"&"OW()*2)<>"""" ; INDEX(Zestawienie!C:C, ROW()*2)<>"""" } ), 1 ), """" ), """" ) "),"Słupski Michał") -> Słupski Michał | C43: {=IF( OR( AND(NOT(ISBLANK(INDEX(Zestawienie!C:C,ROW()*2+1))), INDEX(Zestawienie!C:C,ROW()*2+1)<TODAY()-120, ISBLANK(INDEX(Zestawienie!D:D,ROW()*2+1))), AND(NOT(ISBLANK(INDEX(Zestawienie!E:E,ROW()*2+1))), INDEX(Zestawienie!E:E,ROW()*2+1)<TODAY()-120, ISBLANK(INDEX(Zestawienie!F:F,ROW()*2+1))), AND(NOT(ISBLANK(INDEX(Zestawienie!G:G,ROW()*2+1))), INDEX(Zestawienie!G:G,ROW()*2+1)<TODAY()-120, ISBLANK(INDEX(Zestawienie!H:H,ROW()*2+1))), AND(NOT(ISBLANK(INDEX(Zestawienie!I:I,ROW()*2+1))), INDEX(Zestawienie!I:I,ROW()*2+1)<TODAY()-120, ISBLANK(INDEX(Zestawienie!J:J,ROW()*2+1))), AND(NOT(ISBLANK(INDEX(Zestawienie!K:K,ROW()*2+1))), INDEX(Zestawienie!K:K,ROW()*2+1)<TODAY()-120, ISBLANK(INDEX(Zestawienie!L:L,ROW()*2+1))) ), "Spóźnione", IF( OR( AND(NOT(ISBLANK(INDEX(Zestawienie!C:C,ROW()*2+1))), ISBLANK(INDEX(Zestawienie!D:D,ROW()*2+1))), AND(NOT(ISBLANK(INDEX(Zestawienie!E:E,ROW()*2+1))), ISBLANK(INDEX(Zestawienie!F:F,ROW()*2+1))), AND(NOT(ISBLANK(INDEX(Zestawienie!G:G,ROW()*2+1))), ISBLANK(INDEX(Zestawienie!H:H,ROW()*2+1))), AND(NOT(ISBLANK(INDEX(Zestawienie!I:I,ROW()*2+1))), ISBLANK(INDEX(Zestawienie!J:J,ROW()*2+1))), AND(NOT(ISBLANK(INDEX(Zestawienie!K:K,ROW()*2+1))), ISBLANK(INDEX(Zestawienie!L:L,ROW()*2+1))) ), "Zajęte", "Wolne" ) )} -> Zajęte | D43: {=IFERROR( IF( ISBLANK(INDEX(Zestawienie!B:B, MATCH(A43, Zestawienie!A:A, 0))), "", IF(C43="Wolne", IF( OR( ISBLANK(INDEX(Zestawienie!B:B, MATCH(A43, Zestawienie!A:A, 0))), NOT(ISNUMBER(INDEX(Zestawienie!B:B, MATCH(A43, Zestawienie!A:A, 0)))) ), "", TODAY()-INDEX(Zestawienie!B:B, MATCH(A43, Zestawienie!A:A, 0)) ), IF(OR(C43="Zajęte", C43="Spóźnione"), IF( ISBLANK( MAX( IF(ISNUMBER(INDEX(Zestawienie!C:C, 2*ROW()+1)), INDEX(Zestawienie!C:C, 2*ROW()+1), 0), IF(ISNUMBER(INDEX(Zestawienie!E:E, 2*ROW()+1)), INDEX(Zestawienie!E:E, 2*ROW()+1), 0), IF(ISNUMBER(INDEX(Zestawienie!G:G, 2*ROW()+1)), INDEX(Zestawienie!G:G, 2*ROW()+1), 0), IF(ISNUMBER(INDEX(Zestawienie!I:I, 2*ROW()+1)), INDEX(Zestawienie!I:I, 2*ROW()+1), 0), IF(ISNUMBER(INDEX(Zestawienie!K:K, 2*ROW()+1)), INDEX(Zestawienie!K:K, 2*ROW()+1), 0) ) ), "", IF(C43="Zajęte", TODAY()-MAX( IF(ISNUMBER(INDEX(Zestawienie!C:C, 2*ROW()+1)), INDEX(Zestawienie!C:C, 2*ROW()+1), 0), IF(ISNUMBER(INDEX(Zestawienie!E:E, 2*ROW()+1)), INDEX(Zestawienie!E:E, 2*ROW()+1), 0), IF(ISNUMBER(INDEX(Zestawienie!G:G, 2*ROW()+1)), INDEX(Zestawienie!G:G, 2*ROW()+1), 0), IF(ISNUMBER(INDEX(Zestawienie!I:I, 2*ROW()+1)), INDEX(Zestawienie!I:I, 2*ROW()+1), 0), IF(ISNUMBER(INDEX(Zestawienie!K:K, 2*ROW()+1)), INDEX(Zestawienie!K:K, 2*ROW()+1), 0) ), MAX(0, TODAY()-MAX( IF(ISNUMBER(INDEX(Zestawienie!C:C, 2*ROW()+1)), INDEX(Zestawienie!C:C, 2*ROW()+1), 0), IF(ISNUMBER(INDEX(Zestawienie!E:E, 2*ROW()+1)), INDEX(Zestawienie!E:E, 2*ROW()+1), 0), IF(ISNUMBER(INDEX(Zestawienie!G:G, 2*ROW()+1)), INDEX(Zestawienie!G:G, 2*ROW()+1), 0), IF(ISNUMBER(INDEX(Zestawienie!I:I, 2*ROW()+1)), INDEX(Zestawienie!I:I, 2*ROW()+1), 0), IF(ISNUMBER(INDEX(Zestawienie!K:K, 2*ROW()+1)), INDEX(Zestawienie!K:K, 2*ROW()+1), 0) )-120) ) ), "" ) ) ), "")} -> 4
A44: 43 | B44: =IFERROR(__xludf.DUMMYFUNCTION("IF( OR(C44=""Zajęte"", C44=""Spóźnione""), IFERROR( INDEX( FILTER( { INDEX(Zestawienie!K:K, ROW()*2); INDEX(Zestawienie!I:I, ROW()*2); INDEX(Zestawienie!G:G, ROW()*2); INDEX(Zestawienie!E:E, RO"&"W()*2); INDEX(Zestawienie!C:C, ROW()*2) }, { INDEX(Zestawienie!K:K, ROW()*2)<>"""" ; INDEX(Zestawienie!I:I, ROW()*2)<>"""" ; INDEX(Zestawienie!G:G, ROW()*2)<>"""" ; INDEX(Zestawienie!E:E, R"&"OW()*2)<>"""" ; INDEX(Zestawienie!C:C, ROW()*2)<>"""" } ), 1 ), """" ), """" ) "),"") | C44: {=IF( OR( AND(NOT(ISBLANK(INDEX(Zestawienie!C:C,ROW()*2+1))), INDEX(Zestawienie!C:C,ROW()*2+1)<TODAY()-120, ISBLANK(INDEX(Zestawienie!D:D,ROW()*2+1))), AND(NOT(ISBLANK(INDEX(Zestawienie!E:E,ROW()*2+1))), INDEX(Zestawienie!E:E,ROW()*2+1)<TODAY()-120, ISBLANK(INDEX(Zestawienie!F:F,ROW()*2+1))), AND(NOT(ISBLANK(INDEX(Zestawienie!G:G,ROW()*2+1))), INDEX(Zestawienie!G:G,ROW()*2+1)<TODAY()-120, ISBLANK(INDEX(Zestawienie!H:H,ROW()*2+1))), AND(NOT(ISBLANK(INDEX(Zestawienie!I:I,ROW()*2+1))), INDEX(Zestawienie!I:I,ROW()*2+1)<TODAY()-120, ISBLANK(INDEX(Zestawienie!J:J,ROW()*2+1))), AND(NOT(ISBLANK(INDEX(Zestawienie!K:K,ROW()*2+1))), INDEX(Zestawienie!K:K,ROW()*2+1)<TODAY()-120, ISBLANK(INDEX(Zestawienie!L:L,ROW()*2+1))) ), "Spóźnione", IF( OR( AND(NOT(ISBLANK(INDEX(Zestawienie!C:C,ROW()*2+1))), ISBLANK(INDEX(Zestawienie!D:D,ROW()*2+1))), AND(NOT(ISBLANK(INDEX(Zestawienie!E:E,ROW()*2+1))), ISBLANK(INDEX(Zestawienie!F:F,ROW()*2+1))), AND(NOT(ISBLANK(INDEX(Zestawienie!G:G,ROW()*2+1))), ISBLANK(INDEX(Zestawienie!H:H,ROW()*2+1))), AND(NOT(ISBLANK(INDEX(Zestawienie!I:I,ROW()*2+1))), ISBLANK(INDEX(Zestawienie!J:J,ROW()*2+1))), AND(NOT(ISBLANK(INDEX(Zestawienie!K:K,ROW()*2+1))), ISBLANK(INDEX(Zestawienie!L:L,ROW()*2+1))) ), "Zajęte", "Wolne" ) )} -> Wolne | D44: {=IFERROR( IF( ISBLANK(INDEX(Zestawienie!B:B, MATCH(A44, Zestawienie!A:A, 0))), "", IF(C44="Wolne", IF( OR( ISBLANK(INDEX(Zestawienie!B:B, MATCH(A44, Zestawienie!A:A, 0))), NOT(ISNUMBER(INDEX(Zestawienie!B:B, MATCH(A44, Zestawienie!A:A, 0)))) ), "", TODAY()-INDEX(Zestawienie!B:B, MATCH(A44, Zestawienie!A:A, 0)) ), IF(OR(C44="Zajęte", C44="Spóźnione"), IF( ISBLANK( MAX( IF(ISNUMBER(INDEX(Zestawienie!C:C, 2*ROW()+1)), INDEX(Zestawienie!C:C, 2*ROW()+1), 0), IF(ISNUMBER(INDEX(Zestawienie!E:E, 2*ROW()+1)), INDEX(Zestawienie!E:E, 2*ROW()+1), 0), IF(ISNUMBER(INDEX(Zestawienie!G:G, 2*ROW()+1)), INDEX(Zestawienie!G:G, 2*ROW()+1), 0), IF(ISNUMBER(INDEX(Zestawienie!I:I, 2*ROW()+1)), INDEX(Zestawienie!I:I, 2*ROW()+1), 0), IF(ISNUMBER(INDEX(Zestawienie!K:K, 2*ROW()+1)), INDEX(Zestawienie!K:K, 2*ROW()+1), 0) ) ), "", IF(C44="Zajęte", TODAY()-MAX( IF(ISNUMBER(INDEX(Zestawienie!C:C, 2*ROW()+1)), INDEX(Zestawienie!C:C, 2*ROW()+1), 0), IF(ISNUMBER(INDEX(Zestawienie!E:E, 2*ROW()+1)), INDEX(Zestawienie!E:E, 2*ROW()+1), 0), IF(ISNUMBER(INDEX(Zestawienie!G:G, 2*ROW()+1)), INDEX(Zestawienie!G:G, 2*ROW()+1), 0), IF(ISNUMBER(INDEX(Zestawienie!I:I, 2*ROW()+1)), INDEX(Zestawienie!I:I, 2*ROW()+1), 0), IF(ISNUMBER(INDEX(Zestawienie!K:K, 2*ROW()+1)), INDEX(Zestawienie!K:K, 2*ROW()+1), 0) ), MAX(0, TODAY()-MAX( IF(ISNUMBER(INDEX(Zestawienie!C:C, 2*ROW()+1)), INDEX(Zestawienie!C:C, 2*ROW()+1), 0), IF(ISNUMBER(INDEX(Zestawienie!E:E, 2*ROW()+1)), INDEX(Zestawienie!E:E, 2*ROW()+1), 0), IF(ISNUMBER(INDEX(Zestawienie!G:G, 2*ROW()+1)), INDEX(Zestawienie!G:G, 2*ROW()+1), 0), IF(ISNUMBER(INDEX(Zestawienie!I:I, 2*ROW()+1)), INDEX(Zestawienie!I:I, 2*ROW()+1), 0), IF(ISNUMBER(INDEX(Zestawienie!K:K, 2*ROW()+1)), INDEX(Zestawienie!K:K, 2*ROW()+1), 0) )-120) ) ), "" ) ) ), "")} -> 41
A45: 44 | B45: =IFERROR(__xludf.DUMMYFUNCTION("IF( OR(C45=""Zajęte"", C45=""Spóźnione""), IFERROR( INDEX( FILTER( { INDEX(Zestawienie!K:K, ROW()*2); INDEX(Zestawienie!I:I, ROW()*2); INDEX(Zestawienie!G:G, ROW()*2); INDEX(Zestawienie!E:E, RO"&"W()*2); INDEX(Zestawienie!C:C, ROW()*2) }, { INDEX(Zestawienie!K:K, ROW()*2)<>"""" ; INDEX(Zestawienie!I:I, ROW()*2)<>"""" ; INDEX(Zestawienie!G:G, ROW()*2)<>"""" ; INDEX(Zestawienie!E:E, R"&"OW()*2)<>"""" ; INDEX(Zestawienie!C:C, ROW()*2)<>"""" } ), 1 ), """" ), """" ) "),"Szczepanik Jan") -> Szczepanik Jan | C45: {=IF( OR( AND(NOT(ISBLANK(INDEX(Zestawienie!C:C,ROW()*2+1))), INDEX(Zestawienie!C:C,ROW()*2+1)<TODAY()-120, ISBLANK(INDEX(Zestawienie!D:D,ROW()*2+1))), AND(NOT(ISBLANK(INDEX(Zestawienie!E:E,ROW()*2+1))), INDEX(Zestawienie!E:E,ROW()*2+1)<TODAY()-120, ISBLANK(INDEX(Zestawienie!F:F,ROW()*2+1))), AND(NOT(ISBLANK(INDEX(Zestawienie!G:G,ROW()*2+1))), INDEX(Zestawienie!G:G,ROW()*2+1)<TODAY()-120, ISBLANK(INDEX(Zestawienie!H:H,ROW()*2+1))), AND(NOT(ISBLANK(INDEX(Zestawienie!I:I,ROW()*2+1))), INDEX(Zestawienie!I:I,ROW()*2+1)<TODAY()-120, ISBLANK(INDEX(Zestawienie!J:J,ROW()*2+1))), AND(NOT(ISBLANK(INDEX(Zestawienie!K:K,ROW()*2+1))), INDEX(Zestawienie!K:K,ROW()*2+1)<TODAY()-120, ISBLANK(INDEX(Zestawienie!L:L,ROW()*2+1))) ), "Spóźnione", IF( OR( AND(NOT(ISBLANK(INDEX(Zestawienie!C:C,ROW()*2+1))), ISBLANK(INDEX(Zestawienie!D:D,ROW()*2+1))), AND(NOT(ISBLANK(INDEX(Zestawienie!E:E,ROW()*2+1))), ISBLANK(INDEX(Zestawienie!F:F,ROW()*2+1))), AND(NOT(ISBLANK(INDEX(Zestawienie!G:G,ROW()*2+1))), ISBLANK(INDEX(Zestawienie!H:H,ROW()*2+1))), AND(NOT(ISBLANK(INDEX(Zestawienie!I:I,ROW()*2+1))), ISBLANK(INDEX(Zestawienie!J:J,ROW()*2+1))), AND(NOT(ISBLANK(INDEX(Zestawienie!K:K,ROW()*2+1))), ISBLANK(INDEX(Zestawienie!L:L,ROW()*2+1))) ), "Zajęte", "Wolne" ) )} -> Zajęte | D45: {=IFERROR( IF( ISBLANK(INDEX(Zestawienie!B:B, MATCH(A45, Zestawienie!A:A, 0))), "", IF(C45="Wolne", IF( OR( ISBLANK(INDEX(Zestawienie!B:B, MATCH(A45, Zestawienie!A:A, 0))), NOT(ISNUMBER(INDEX(Zestawienie!B:B, MATCH(A45, Zestawienie!A:A, 0)))) ), "", TODAY()-INDEX(Zestawienie!B:B, MATCH(A45, Zestawienie!A:A, 0)) ), IF(OR(C45="Zajęte", C45="Spóźnione"), IF( ISBLANK( MAX( IF(ISNUMBER(INDEX(Zestawienie!C:C, 2*ROW()+1)), INDEX(Zestawienie!C:C, 2*ROW()+1), 0), IF(ISNUMBER(INDEX(Zestawienie!E:E, 2*ROW()+1)), INDEX(Zestawienie!E:E, 2*ROW()+1), 0), IF(ISNUMBER(INDEX(Zestawienie!G:G, 2*ROW()+1)), INDEX(Zestawienie!G:G, 2*ROW()+1), 0), IF(ISNUMBER(INDEX(Zestawienie!I:I, 2*ROW()+1)), INDEX(Zestawienie!I:I, 2*ROW()+1), 0), IF(ISNUMBER(INDEX(Zestawienie!K:K, 2*ROW()+1)), INDEX(Zestawienie!K:K, 2*ROW()+1), 0) ) ), "", IF(C45="Zajęte", TODAY()-MAX( IF(ISNUMBER(INDEX(Zestawienie!C:C, 2*ROW()+1)), INDEX(Zestawienie!C:C, 2*ROW()+1), 0), IF(ISNUMBER(INDEX(Zestawienie!E:E, 2*ROW()+1)), INDEX(Zestawienie!E:E, 2*ROW()+1), 0), IF(ISNUMBER(INDEX(Zestawienie!G:G, 2*ROW()+1)), INDEX(Zestawienie!G:G, 2*ROW()+1), 0), IF(ISNUMBER(INDEX(Zestawienie!I:I, 2*ROW()+1)), INDEX(Zestawienie!I:I, 2*ROW()+1), 0), IF(ISNUMBER(INDEX(Zestawienie!K:K, 2*ROW()+1)), INDEX(Zestawienie!K:K, 2*ROW()+1), 0) ), MAX(0, TODAY()-MAX( IF(ISNUMBER(INDEX(Zestawienie!C:C, 2*ROW()+1)), INDEX(Zestawienie!C:C, 2*ROW()+1), 0), IF(ISNUMBER(INDEX(Zestawienie!E:E, 2*ROW()+1)), INDEX(Zestawienie!E:E, 2*ROW()+1), 0), IF(ISNUMBER(INDEX(Zestawienie!G:G, 2*ROW()+1)), INDEX(Zestawienie!G:G, 2*ROW()+1), 0), IF(ISNUMBER(INDEX(Zestawienie!I:I, 2*ROW()+1)), INDEX(Zestawienie!I:I, 2*ROW()+1), 0), IF(ISNUMBER(INDEX(Zestawienie!K:K, 2*ROW()+1)), INDEX(Zestawienie!K:K, 2*ROW()+1), 0) )-120) ) ), "" ) ) ), "")} -> 97
A46: 45 | B46: =IFERROR(__xludf.DUMMYFUNCTION("IF( OR(C46=""Zajęte"", C46=""Spóźnione""), IFERROR( INDEX( FILTER( { INDEX(Zestawienie!K:K, ROW()*2); INDEX(Zestawienie!I:I, ROW()*2); INDEX(Zestawienie!G:G, ROW()*2); INDEX(Zestawienie!E:E, RO"&"W()*2); INDEX(Zestawienie!C:C, ROW()*2) }, { INDEX(Zestawienie!K:K, ROW()*2)<>"""" ; INDEX(Zestawienie!I:I, ROW()*2)<>"""" ; INDEX(Zestawienie!G:G, ROW()*2)<>"""" ; INDEX(Zestawienie!E:E, R"&"OW()*2)<>"""" ; INDEX(Zestawienie!C:C, ROW()*2)<>"""" } ), 1 ), """" ), """" ) "),"Wojewódzki Kamil") -> Wojewódzki Kamil | C46: {=IF( OR( AND(NOT(ISBLANK(INDEX(Zestawienie!C:C,ROW()*2+1))), INDEX(Zestawienie!C:C,ROW()*2+1)<TODAY()-120, ISBLANK(INDEX(Zestawienie!D:D,ROW()*2+1))), AND(NOT(ISBLANK(INDEX(Zestawienie!E:E,ROW()*2+1))), INDEX(Zestawienie!E:E,ROW()*2+1)<TODAY()-120, ISBLANK(INDEX(Zestawienie!F:F,ROW()*2+1))), AND(NOT(ISBLANK(INDEX(Zestawienie!G:G,ROW()*2+1))), INDEX(Zestawienie!G:G,ROW()*2+1)<TODAY()-120, ISBLANK(INDEX(Zestawienie!H:H,ROW()*2+1))), AND(NOT(ISBLANK(INDEX(Zestawienie!I:I,ROW()*2+1))), INDEX(Zestawienie!I:I,ROW()*2+1)<TODAY()-120, ISBLANK(INDEX(Zestawienie!J:J,ROW()*2+1))), AND(NOT(ISBLANK(INDEX(Zestawienie!K:K,ROW()*2+1))), INDEX(Zestawienie!K:K,ROW()*2+1)<TODAY()-120, ISBLANK(INDEX(Zestawienie!L:L,ROW()*2+1))) ), "Spóźnione", IF( OR( AND(NOT(ISBLANK(INDEX(Zestawienie!C:C,ROW()*2+1))), ISBLANK(INDEX(Zestawienie!D:D,ROW()*2+1))), AND(NOT(ISBLANK(INDEX(Zestawienie!E:E,ROW()*2+1))), ISBLANK(INDEX(Zestawienie!F:F,ROW()*2+1))), AND(NOT(ISBLANK(INDEX(Zestawienie!G:G,ROW()*2+1))), ISBLANK(INDEX(Zestawienie!H:H,ROW()*2+1))), AND(NOT(ISBLANK(INDEX(Zestawienie!I:I,ROW()*2+1))), ISBLANK(INDEX(Zestawienie!J:J,ROW()*2+1))), AND(NOT(ISBLANK(INDEX(Zestawienie!K:K,ROW()*2+1))), ISBLANK(INDEX(Zestawienie!L:L,ROW()*2+1))) ), "Zajęte", "Wolne" ) )} -> Zajęte | D46: {=IFERROR( IF( ISBLANK(INDEX(Zestawienie!B:B, MATCH(A46, Zestawienie!A:A, 0))), "", IF(C46="Wolne", IF( OR( ISBLANK(INDEX(Zestawienie!B:B, MATCH(A46, Zestawienie!A:A, 0))), NOT(ISNUMBER(INDEX(Zestawienie!B:B, MATCH(A46, Zestawienie!A:A, 0)))) ), "", TODAY()-INDEX(Zestawienie!B:B, MATCH(A46, Zestawienie!A:A, 0)) ), IF(OR(C46="Zajęte", C46="Spóźnione"), IF( ISBLANK( MAX( IF(ISNUMBER(INDEX(Zestawienie!C:C, 2*ROW()+1)), INDEX(Zestawienie!C:C, 2*ROW()+1), 0), IF(ISNUMBER(INDEX(Zestawienie!E:E, 2*ROW()+1)), INDEX(Zestawienie!E:E, 2*ROW()+1), 0), IF(ISNUMBER(INDEX(Zestawienie!G:G, 2*ROW()+1)), INDEX(Zestawienie!G:G, 2*ROW()+1), 0), IF(ISNUMBER(INDEX(Zestawienie!I:I, 2*ROW()+1)), INDEX(Zestawienie!I:I, 2*ROW()+1), 0), IF(ISNUMBER(INDEX(Zestawienie!K:K, 2*ROW()+1)), INDEX(Zestawienie!K:K, 2*ROW()+1), 0) ) ), "", IF(C46="Zajęte", TODAY()-MAX( IF(ISNUMBER(INDEX(Zestawienie!C:C, 2*ROW()+1)), INDEX(Zestawienie!C:C, 2*ROW()+1), 0), IF(ISNUMBER(INDEX(Zestawienie!E:E, 2*ROW()+1)), INDEX(Zestawienie!E:E, 2*ROW()+1), 0), IF(ISNUMBER(INDEX(Zestawienie!G:G, 2*ROW()+1)), INDEX(Zestawienie!G:G, 2*ROW()+1), 0), IF(ISNUMBER(INDEX(Zestawienie!I:I, 2*ROW()+1)), INDEX(Zestawienie!I:I, 2*ROW()+1), 0), IF(ISNUMBER(INDEX(Zestawienie!K:K, 2*ROW()+1)), INDEX(Zestawienie!K:K, 2*ROW()+1), 0) ), MAX(0, TODAY()-MAX( IF(ISNUMBER(INDEX(Zestawienie!C:C, 2*ROW()+1)), INDEX(Zestawienie!C:C, 2*ROW()+1), 0), IF(ISNUMBER(INDEX(Zestawienie!E:E, 2*ROW()+1)), INDEX(Zestawienie!E:E, 2*ROW()+1), 0), IF(ISNUMBER(INDEX(Zestawienie!G:G, 2*ROW()+1)), INDEX(Zestawienie!G:G, 2*ROW()+1), 0), IF(ISNUMBER(INDEX(Zestawienie!I:I, 2*ROW()+1)), INDEX(Zestawienie!I:I, 2*ROW()+1), 0), IF(ISNUMBER(INDEX(Zestawienie!K:K, 2*ROW()+1)), INDEX(Zestawienie!K:K, 2*ROW()+1), 0) )-120) ) ), "" ) ) ), "")} -> 96
A47: 46 | B47: =IFERROR(__xludf.DUMMYFUNCTION("IF( OR(C47=""Zajęte"", C47=""Spóźnione""), IFERROR( INDEX( FILTER( { INDEX(Zestawienie!K:K, ROW()*2); INDEX(Zestawienie!I:I, ROW()*2); INDEX(Zestawienie!G:G, ROW()*2); INDEX(Zestawienie!E:E, RO"&"W()*2); INDEX(Zestawienie!C:C, ROW()*2) }, { INDEX(Zestawienie!K:K, ROW()*2)<>"""" ; INDEX(Zestawienie!I:I, ROW()*2)<>"""" ; INDEX(Zestawienie!G:G, ROW()*2)<>"""" ; INDEX(Zestawienie!E:E, R"&"OW()*2)<>"""" ; INDEX(Zestawienie!C:C, ROW()*2)<>"""" } ), 1 ), """" ), """" ) "),"Słupski Michał") -> Słupski Michał | C47: {=IF( OR( AND(NOT(ISBLANK(INDEX(Zestawienie!C:C,ROW()*2+1))), INDEX(Zestawienie!C:C,ROW()*2+1)<TODAY()-120, ISBLANK(INDEX(Zestawienie!D:D,ROW()*2+1))), AND(NOT(ISBLANK(INDEX(Zestawienie!E:E,ROW()*2+1))), INDEX(Zestawienie!E:E,ROW()*2+1)<TODAY()-120, ISBLANK(INDEX(Zestawienie!F:F,ROW()*2+1))), AND(NOT(ISBLANK(INDEX(Zestawienie!G:G,ROW()*2+1))), INDEX(Zestawienie!G:G,ROW()*2+1)<TODAY()-120, ISBLANK(INDEX(Zestawienie!H:H,ROW()*2+1))), AND(NOT(ISBLANK(INDEX(Zestawienie!I:I,ROW()*2+1))), INDEX(Zestawienie!I:I,ROW()*2+1)<TODAY()-120, ISBLANK(INDEX(Zestawienie!J:J,ROW()*2+1))), AND(NOT(ISBLANK(INDEX(Zestawienie!K:K,ROW()*2+1))), INDEX(Zestawienie!K:K,ROW()*2+1)<TODAY()-120, ISBLANK(INDEX(Zestawienie!L:L,ROW()*2+1))) ), "Spóźnione", IF( OR( AND(NOT(ISBLANK(INDEX(Zestawienie!C:C,ROW()*2+1))), ISBLANK(INDEX(Zestawienie!D:D,ROW()*2+1))), AND(NOT(ISBLANK(INDEX(Zestawienie!E:E,ROW()*2+1))), ISBLANK(INDEX(Zestawienie!F:F,ROW()*2+1))), AND(NOT(ISBLANK(INDEX(Zestawienie!G:G,ROW()*2+1))), ISBLANK(INDEX(Zestawienie!H:H,ROW()*2+1))), AND(NOT(ISBLANK(INDEX(Zestawienie!I:I,ROW()*2+1))), ISBLANK(INDEX(Zestawienie!J:J,ROW()*2+1))), AND(NOT(ISBLANK(INDEX(Zestawienie!K:K,ROW()*2+1))), ISBLANK(INDEX(Zestawienie!L:L,ROW()*2+1))) ), "Zajęte", "Wolne" ) )} -> Zajęte | D47: {=IFERROR( IF( ISBLANK(INDEX(Zestawienie!B:B, MATCH(A47, Zestawienie!A:A, 0))), "", IF(C47="Wolne", IF( OR( ISBLANK(INDEX(Zestawienie!B:B, MATCH(A47, Zestawienie!A:A, 0))), NOT(ISNUMBER(INDEX(Zestawienie!B:B, MATCH(A47, Zestawienie!A:A, 0)))) ), "", TODAY()-INDEX(Zestawienie!B:B, MATCH(A47, Zestawienie!A:A, 0)) ), IF(OR(C47="Zajęte", C47="Spóźnione"), IF( ISBLANK( MAX( IF(ISNUMBER(INDEX(Zestawienie!C:C, 2*ROW()+1)), INDEX(Zestawienie!C:C, 2*ROW()+1), 0), IF(ISNUMBER(INDEX(Zestawienie!E:E, 2*ROW()+1)), INDEX(Zestawienie!E:E, 2*ROW()+1), 0), IF(ISNUMBER(INDEX(Zestawienie!G:G, 2*ROW()+1)), INDEX(Zestawienie!G:G, 2*ROW()+1), 0), IF(ISNUMBER(INDEX(Zestawienie!I:I, 2*ROW()+1)), INDEX(Zestawienie!I:I, 2*ROW()+1), 0), IF(ISNUMBER(INDEX(Zestawienie!K:K, 2*ROW()+1)), INDEX(Zestawienie!K:K, 2*ROW()+1), 0) ) ), "", IF(C47="Zajęte", TODAY()-MAX( IF(ISNUMBER(INDEX(Zestawienie!C:C, 2*ROW()+1)), INDEX(Zestawienie!C:C, 2*ROW()+1), 0), IF(ISNUMBER(INDEX(Zestawienie!E:E, 2*ROW()+1)), INDEX(Zestawienie!E:E, 2*ROW()+1), 0), IF(ISNUMBER(INDEX(Zestawienie!G:G, 2*ROW()+1)), INDEX(Zestawienie!G:G, 2*ROW()+1), 0), IF(ISNUMBER(INDEX(Zestawienie!I:I, 2*ROW()+1)), INDEX(Zestawienie!I:I, 2*ROW()+1), 0), IF(ISNUMBER(INDEX(Zestawienie!K:K, 2*ROW()+1)), INDEX(Zestawienie!K:K, 2*ROW()+1), 0) ), MAX(0, TODAY()-MAX( IF(ISNUMBER(INDEX(Zestawienie!C:C, 2*ROW()+1)), INDEX(Zestawienie!C:C, 2*ROW()+1), 0), IF(ISNUMBER(INDEX(Zestawienie!E:E, 2*ROW()+1)), INDEX(Zestawienie!E:E, 2*ROW()+1), 0), IF(ISNUMBER(INDEX(Zestawienie!G:G, 2*ROW()+1)), INDEX(Zestawienie!G:G, 2*ROW()+1), 0), IF(ISNUMBER(INDEX(Zestawienie!I:I, 2*ROW()+1)), INDEX(Zestawienie!I:I, 2*ROW()+1), 0), IF(ISNUMBER(INDEX(Zestawienie!K:K, 2*ROW()+1)), INDEX(Zestawienie!K:K, 2*ROW()+1), 0) )-120) ) ), "" ) ) ), "")} -> 97
A48: 47 | B48: =IFERROR(__xludf.DUMMYFUNCTION("IF( OR(C48=""Zajęte"", C48=""Spóźnione""), IFERROR( INDEX( FILTER( { INDEX(Zestawienie!K:K, ROW()*2); INDEX(Zestawienie!I:I, ROW()*2); INDEX(Zestawienie!G:G, ROW()*2); INDEX(Zestawienie!E:E, RO"&"W()*2); INDEX(Zestawienie!C:C, ROW()*2) }, { INDEX(Zestawienie!K:K, ROW()*2)<>"""" ; INDEX(Zestawienie!I:I, ROW()*2)<>"""" ; INDEX(Zestawienie!G:G, ROW()*2)<>"""" ; INDEX(Zestawienie!E:E, R"&"OW()*2)<>"""" ; INDEX(Zestawienie!C:C, ROW()*2)<>"""" } ), 1 ), """" ), """" ) "),"") | C48: {=IF( OR( AND(NOT(ISBLANK(INDEX(Zestawienie!C:C,ROW()*2+1))), INDEX(Zestawienie!C:C,ROW()*2+1)<TODAY()-120, ISBLANK(INDEX(Zestawienie!D:D,ROW()*2+1))), AND(NOT(ISBLANK(INDEX(Zestawienie!E:E,ROW()*2+1))), INDEX(Zestawienie!E:E,ROW()*2+1)<TODAY()-120, ISBLANK(INDEX(Zestawienie!F:F,ROW()*2+1))), AND(NOT(ISBLANK(INDEX(Zestawienie!G:G,ROW()*2+1))), INDEX(Zestawienie!G:G,ROW()*2+1)<TODAY()-120, ISBLANK(INDEX(Zestawienie!H:H,ROW()*2+1))), AND(NOT(ISBLANK(INDEX(Zestawienie!I:I,ROW()*2+1))), INDEX(Zestawienie!I:I,ROW()*2+1)<TODAY()-120, ISBLANK(INDEX(Zestawienie!J:J,ROW()*2+1))), AND(NOT(ISBLANK(INDEX(Zestawienie!K:K,ROW()*2+1))), INDEX(Zestawienie!K:K,ROW()*2+1)<TODAY()-120, ISBLANK(INDEX(Zestawienie!L:L,ROW()*2+1))) ), "Spóźnione", IF( OR( AND(NOT(ISBLANK(INDEX(Zestawienie!C:C,ROW()*2+1))), ISBLANK(INDEX(Zestawienie!D:D,ROW()*2+1))), AND(NOT(ISBLANK(INDEX(Zestawienie!E:E,ROW()*2+1))), ISBLANK(INDEX(Zestawienie!F:F,ROW()*2+1))), AND(NOT(ISBLANK(INDEX(Zestawienie!G:G,ROW()*2+1))), ISBLANK(INDEX(Zestawienie!H:H,ROW()*2+1))), AND(NOT(ISBLANK(INDEX(Zestawienie!I:I,ROW()*2+1))), ISBLANK(INDEX(Zestawienie!J:J,ROW()*2+1))), AND(NOT(ISBLANK(INDEX(Zestawienie!K:K,ROW()*2+1))), ISBLANK(INDEX(Zestawienie!L:L,ROW()*2+1))) ), "Zajęte", "Wolne" ) )} -> Wolne | D48: {=IFERROR( IF( ISBLANK(INDEX(Zestawienie!B:B, MATCH(A48, Zestawienie!A:A, 0))), "", IF(C48="Wolne", IF( OR( ISBLANK(INDEX(Zestawienie!B:B, MATCH(A48, Zestawienie!A:A, 0))), NOT(ISNUMBER(INDEX(Zestawienie!B:B, MATCH(A48, Zestawienie!A:A, 0)))) ), "", TODAY()-INDEX(Zestawienie!B:B, MATCH(A48, Zestawienie!A:A, 0)) ), IF(OR(C48="Zajęte", C48="Spóźnione"), IF( ISBLANK( MAX( IF(ISNUMBER(INDEX(Zestawienie!C:C, 2*ROW()+1)), INDEX(Zestawienie!C:C, 2*ROW()+1), 0), IF(ISNUMBER(INDEX(Zestawienie!E:E, 2*ROW()+1)), INDEX(Zestawienie!E:E, 2*ROW()+1), 0), IF(ISNUMBER(INDEX(Zestawienie!G:G, 2*ROW()+1)), INDEX(Zestawienie!G:G, 2*ROW()+1), 0), IF(ISNUMBER(INDEX(Zestawienie!I:I, 2*ROW()+1)), INDEX(Zestawienie!I:I, 2*ROW()+1), 0), IF(ISNUMBER(INDEX(Zestawienie!K:K, 2*ROW()+1)), INDEX(Zestawienie!K:K, 2*ROW()+1), 0) ) ), "", IF(C48="Zajęte", TODAY()-MAX( IF(ISNUMBER(INDEX(Zestawienie!C:C, 2*ROW()+1)), INDEX(Zestawienie!C:C, 2*ROW()+1), 0), IF(ISNUMBER(INDEX(Zestawienie!E:E, 2*ROW()+1)), INDEX(Zestawienie!E:E, 2*ROW()+1), 0), IF(ISNUMBER(INDEX(Zestawienie!G:G, 2*ROW()+1)), INDEX(Zestawienie!G:G, 2*ROW()+1), 0), IF(ISNUMBER(INDEX(Zestawienie!I:I, 2*ROW()+1)), INDEX(Zestawienie!I:I, 2*ROW()+1), 0), IF(ISNUMBER(INDEX(Zestawienie!K:K, 2*ROW()+1)), INDEX(Zestawienie!K:K, 2*ROW()+1), 0) ), MAX(0, TODAY()-MAX( IF(ISNUMBER(INDEX(Zestawienie!C:C, 2*ROW()+1)), INDEX(Zestawienie!C:C, 2*ROW()+1), 0), IF(ISNUMBER(INDEX(Zestawienie!E:E, 2*ROW()+1)), INDEX(Zestawienie!E:E, 2*ROW()+1), 0), IF(ISNUMBER(INDEX(Zestawienie!G:G, 2*ROW()+1)), INDEX(Zestawienie!G:G, 2*ROW()+1), 0), IF(ISNUMBER(INDEX(Zestawienie!I:I, 2*ROW()+1)), INDEX(Zestawienie!I:I, 2*ROW()+1), 0), IF(ISNUMBER(INDEX(Zestawienie!K:K, 2*ROW()+1)), INDEX(Zestawienie!K:K, 2*ROW()+1), 0) )-120) ) ), "" ) ) ), "")} -> 146
A49: 48 | B49: =IFERROR(__xludf.DUMMYFUNCTION("IF( OR(C49=""Zajęte"", C49=""Spóźnione""), IFERROR( INDEX( FILTER( { INDEX(Zestawienie!K:K, ROW()*2); INDEX(Zestawienie!I:I, ROW()*2); INDEX(Zestawienie!G:G, ROW()*2); INDEX(Zestawienie!E:E, RO"&"W()*2); INDEX(Zestawienie!C:C, ROW()*2) }, { INDEX(Zestawienie!K:K, ROW()*2)<>"""" ; INDEX(Zestawienie!I:I, ROW()*2)<>"""" ; INDEX(Zestawienie!G:G, ROW()*2)<>"""" ; INDEX(Zestawienie!E:E, R"&"OW()*2)<>"""" ; INDEX(Zestawienie!C:C, ROW()*2)<>"""" } ), 1 ), """" ), """" ) "),"") | C49: {=IF( OR( AND(NOT(ISBLANK(INDEX(Zestawienie!C:C,ROW()*2+1))), INDEX(Zestawienie!C:C,ROW()*2+1)<TODAY()-120, ISBLANK(INDEX(Zestawienie!D:D,ROW()*2+1))), AND(NOT(ISBLANK(INDEX(Zestawienie!E:E,ROW()*2+1))), INDEX(Zestawienie!E:E,ROW()*2+1)<TODAY()-120, ISBLANK(INDEX(Zestawienie!F:F,ROW()*2+1))), AND(NOT(ISBLANK(INDEX(Zestawienie!G:G,ROW()*2+1))), INDEX(Zestawienie!G:G,ROW()*2+1)<TODAY()-120, ISBLANK(INDEX(Zestawienie!H:H,ROW()*2+1))), AND(NOT(ISBLANK(INDEX(Zestawienie!I:I,ROW()*2+1))), INDEX(Zestawienie!I:I,ROW()*2+1)<TODAY()-120, ISBLANK(INDEX(Zestawienie!J:J,ROW()*2+1))), AND(NOT(ISBLANK(INDEX(Zestawienie!K:K,ROW()*2+1))), INDEX(Zestawienie!K:K,ROW()*2+1)<TODAY()-120, ISBLANK(INDEX(Zestawienie!L:L,ROW()*2+1))) ), "Spóźnione", IF( OR( AND(NOT(ISBLANK(INDEX(Zestawienie!C:C,ROW()*2+1))), ISBLANK(INDEX(Zestawienie!D:D,ROW()*2+1))), AND(NOT(ISBLANK(INDEX(Zestawienie!E:E,ROW()*2+1))), ISBLANK(INDEX(Zestawienie!F:F,ROW()*2+1))), AND(NOT(ISBLANK(INDEX(Zestawienie!G:G,ROW()*2+1))), ISBLANK(INDEX(Zestawienie!H:H,ROW()*2+1))), AND(NOT(ISBLANK(INDEX(Zestawienie!I:I,ROW()*2+1))), ISBLANK(INDEX(Zestawienie!J:J,ROW()*2+1))), AND(NOT(ISBLANK(INDEX(Zestawienie!K:K,ROW()*2+1))), ISBLANK(INDEX(Zestawienie!L:L,ROW()*2+1))) ), "Zajęte", "Wolne" ) )} -> Wolne | D49: {=IFERROR( IF( ISBLANK(INDEX(Zestawienie!B:B, MATCH(A49, Zestawienie!A:A, 0))), "", IF(C49="Wolne", IF( OR( ISBLANK(INDEX(Zestawienie!B:B, MATCH(A49, Zestawienie!A:A, 0))), NOT(ISNUMBER(INDEX(Zestawienie!B:B, MATCH(A49, Zestawienie!A:A, 0)))) ), "", TODAY()-INDEX(Zestawienie!B:B, MATCH(A49, Zestawienie!A:A, 0)) ), IF(OR(C49="Zajęte", C49="Spóźnione"), IF( ISBLANK( MAX( IF(ISNUMBER(INDEX(Zestawienie!C:C, 2*ROW()+1)), INDEX(Zestawienie!C:C, 2*ROW()+1), 0), IF(ISNUMBER(INDEX(Zestawienie!E:E, 2*ROW()+1)), INDEX(Zestawienie!E:E, 2*ROW()+1), 0), IF(ISNUMBER(INDEX(Zestawienie!G:G, 2*ROW()+1)), INDEX(Zestawienie!G:G, 2*ROW()+1), 0), IF(ISNUMBER(INDEX(Zestawienie!I:I, 2*ROW()+1)), INDEX(Zestawienie!I:I, 2*ROW()+1), 0), IF(ISNUMBER(INDEX(Zestawienie!K:K, 2*ROW()+1)), INDEX(Zestawienie!K:K, 2*ROW()+1), 0) ) ), "", IF(C49="Zajęte", TODAY()-MAX( IF(ISNUMBER(INDEX(Zestawienie!C:C, 2*ROW()+1)), INDEX(Zestawienie!C:C, 2*ROW()+1), 0), IF(ISNUMBER(INDEX(Zestawienie!E:E, 2*ROW()+1)), INDEX(Zestawienie!E:E, 2*ROW()+1), 0), IF(ISNUMBER(INDEX(Zestawienie!G:G, 2*ROW()+1)), INDEX(Zestawienie!G:G, 2*ROW()+1), 0), IF(ISNUMBER(INDEX(Zestawienie!I:I, 2*ROW()+1)), INDEX(Zestawienie!I:I, 2*ROW()+1), 0), IF(ISNUMBER(INDEX(Zestawienie!K:K, 2*ROW()+1)), INDEX(Zestawienie!K:K, 2*ROW()+1), 0) ), MAX(0, TODAY()-MAX( IF(ISNUMBER(INDEX(Zestawienie!C:C, 2*ROW()+1)), INDEX(Zestawienie!C:C, 2*ROW()+1), 0), IF(ISNUMBER(INDEX(Zestawienie!E:E, 2*ROW()+1)), INDEX(Zestawienie!E:E, 2*ROW()+1), 0), IF(ISNUMBER(INDEX(Zestawienie!G:G, 2*ROW()+1)), INDEX(Zestawienie!G:G, 2*ROW()+1), 0), IF(ISNUMBER(INDEX(Zestawienie!I:I, 2*ROW()+1)), INDEX(Zestawienie!I:I, 2*ROW()+1), 0), IF(ISNUMBER(INDEX(Zestawienie!K:K, 2*ROW()+1)), INDEX(Zestawienie!K:K, 2*ROW()+1), 0) )-120) ) ), "" ) ) ), "")} -> 69
A50: 49 | B50: =IFERROR(__xludf.DUMMYFUNCTION("IF( OR(C50=""Zajęte"", C50=""Spóźnione""), IFERROR( INDEX( FILTER( { INDEX(Zestawienie!K:K, ROW()*2); INDEX(Zestawienie!I:I, ROW()*2); INDEX(Zestawienie!G:G, ROW()*2); INDEX(Zestawienie!E:E, RO"&"W()*2); INDEX(Zestawienie!C:C, ROW()*2) }, { INDEX(Zestawienie!K:K, ROW()*2)<>"""" ; INDEX(Zestawienie!I:I, ROW()*2)<>"""" ; INDEX(Zestawienie!G:G, ROW()*2)<>"""" ; INDEX(Zestawienie!E:E, R"&"OW()*2)<>"""" ; INDEX(Zestawienie!C:C, ROW()*2)<>"""" } ), 1 ), """" ), """" ) "),"Katarzyński Marek") -> Katarzyński Marek | C50: {=IF( OR( AND(NOT(ISBLANK(INDEX(Zestawienie!C:C,ROW()*2+1))), INDEX(Zestawienie!C:C,ROW()*2+1)<TODAY()-120, ISBLANK(INDEX(Zestawienie!D:D,ROW()*2+1))), AND(NOT(ISBLANK(INDEX(Zestawienie!E:E,ROW()*2+1))), INDEX(Zestawienie!E:E,ROW()*2+1)<TODAY()-120, ISBLANK(INDEX(Zestawienie!F:F,ROW()*2+1))), AND(NOT(ISBLANK(INDEX(Zestawienie!G:G,ROW()*2+1))), INDEX(Zestawienie!G:G,ROW()*2+1)<TODAY()-120, ISBLANK(INDEX(Zestawienie!H:H,ROW()*2+1))), AND(NOT(ISBLANK(INDEX(Zestawienie!I:I,ROW()*2+1))), INDEX(Zestawienie!I:I,ROW()*2+1)<TODAY()-120, ISBLANK(INDEX(Zestawienie!J:J,ROW()*2+1))), AND(NOT(ISBLANK(INDEX(Zestawienie!K:K,ROW()*2+1))), INDEX(Zestawienie!K:K,ROW()*2+1)<TODAY()-120, ISBLANK(INDEX(Zestawienie!L:L,ROW()*2+1))) ), "Spóźnione", IF( OR( AND(NOT(ISBLANK(INDEX(Zestawienie!C:C,ROW()*2+1))), ISBLANK(INDEX(Zestawienie!D:D,ROW()*2+1))), AND(NOT(ISBLANK(INDEX(Zestawienie!E:E,ROW()*2+1))), ISBLANK(INDEX(Zestawienie!F:F,ROW()*2+1))), AND(NOT(ISBLANK(INDEX(Zestawienie!G:G,ROW()*2+1))), ISBLANK(INDEX(Zestawienie!H:H,ROW()*2+1))), AND(NOT(ISBLANK(INDEX(Zestawienie!I:I,ROW()*2+1))), ISBLANK(INDEX(Zestawienie!J:J,ROW()*2+1))), AND(NOT(ISBLANK(INDEX(Zestawienie!K:K,ROW()*2+1))), ISBLANK(INDEX(Zestawienie!L:L,ROW()*2+1))) ), "Zajęte", "Wolne" ) )} -> Spóźnione | D50: {=IFERROR( IF( ISBLANK(INDEX(Zestawienie!B:B, MATCH(A50, Zestawienie!A:A, 0))), "", IF(C50="Wolne", IF( OR( ISBLANK(INDEX(Zestawienie!B:B, MATCH(A50, Zestawienie!A:A, 0))), NOT(ISNUMBER(INDEX(Zestawienie!B:B, MATCH(A50, Zestawienie!A:A, 0)))) ), "", TODAY()-INDEX(Zestawienie!B:B, MATCH(A50, Zestawienie!A:A, 0)) ), IF(OR(C50="Zajęte", C50="Spóźnione"), IF( ISBLANK( MAX( IF(ISNUMBER(INDEX(Zestawienie!C:C, 2*ROW()+1)), INDEX(Zestawienie!C:C, 2*ROW()+1), 0), IF(ISNUMBER(INDEX(Zestawienie!E:E, 2*ROW()+1)), INDEX(Zestawienie!E:E, 2*ROW()+1), 0), IF(ISNUMBER(INDEX(Zestawienie!G:G, 2*ROW()+1)), INDEX(Zestawienie!G:G, 2*ROW()+1), 0), IF(ISNUMBER(INDEX(Zestawienie!I:I, 2*ROW()+1)), INDEX(Zestawienie!I:I, 2*ROW()+1), 0), IF(ISNUMBER(INDEX(Zestawienie!K:K, 2*ROW()+1)), INDEX(Zestawienie!K:K, 2*ROW()+1), 0) ) ), "", IF(C50="Zajęte", TODAY()-MAX( IF(ISNUMBER(INDEX(Zestawienie!C:C, 2*ROW()+1)), INDEX(Zestawienie!C:C, 2*ROW()+1), 0), IF(ISNUMBER(INDEX(Zestawienie!E:E, 2*ROW()+1)), INDEX(Zestawienie!E:E, 2*ROW()+1), 0), IF(ISNUMBER(INDEX(Zestawienie!G:G, 2*ROW()+1)), INDEX(Zestawienie!G:G, 2*ROW()+1), 0), IF(ISNUMBER(INDEX(Zestawienie!I:I, 2*ROW()+1)), INDEX(Zestawienie!I:I, 2*ROW()+1), 0), IF(ISNUMBER(INDEX(Zestawienie!K:K, 2*ROW()+1)), INDEX(Zestawienie!K:K, 2*ROW()+1), 0) ), MAX(0, TODAY()-MAX( IF(ISNUMBER(INDEX(Zestawienie!C:C, 2*ROW()+1)), INDEX(Zestawienie!C:C, 2*ROW()+1), 0), IF(ISNUMBER(INDEX(Zestawienie!E:E, 2*ROW()+1)), INDEX(Zestawienie!E:E, 2*ROW()+1), 0), IF(ISNUMBER(INDEX(Zestawienie!G:G, 2*ROW()+1)), INDEX(Zestawienie!G:G, 2*ROW()+1), 0), IF(ISNUMBER(INDEX(Zestawienie!I:I, 2*ROW()+1)), INDEX(Zestawienie!I:I, 2*ROW()+1), 0), IF(ISNUMBER(INDEX(Zestawienie!K:K, 2*ROW()+1)), INDEX(Zestawienie!K:K, 2*ROW()+1), 0) )-120) ) ), "" ) ) ), "")} -> 240
A51: 50 | B51: =IFERROR(__xludf.DUMMYFUNCTION("IF( OR(C51=""Zajęte"", C51=""Spóźnione""), IFERROR( INDEX( FILTER( { INDEX(Zestawienie!K:K, ROW()*2); INDEX(Zestawienie!I:I, ROW()*2); INDEX(Zestawienie!G:G, ROW()*2); INDEX(Zestawienie!E:E, RO"&"W()*2); INDEX(Zestawienie!C:C, ROW()*2) }, { INDEX(Zestawienie!K:K, ROW()*2)<>"""" ; INDEX(Zestawienie!I:I, ROW()*2)<>"""" ; INDEX(Zestawienie!G:G, ROW()*2)<>"""" ; INDEX(Zestawienie!E:E, R"&"OW()*2)<>"""" ; INDEX(Zestawienie!C:C, ROW()*2)<>"""" } ), 1 ), """" ), """" ) "),"") | C51: {=IF( OR( AND(NOT(ISBLANK(INDEX(Zestawienie!C:C,ROW()*2+1))), INDEX(Zestawienie!C:C,ROW()*2+1)<TODAY()-120, ISBLANK(INDEX(Zestawienie!D:D,ROW()*2+1))), AND(NOT(ISBLANK(INDEX(Zestawienie!E:E,ROW()*2+1))), INDEX(Zestawienie!E:E,ROW()*2+1)<TODAY()-120, ISBLANK(INDEX(Zestawienie!F:F,ROW()*2+1))), AND(NOT(ISBLANK(INDEX(Zestawienie!G:G,ROW()*2+1))), INDEX(Zestawienie!G:G,ROW()*2+1)<TODAY()-120, ISBLANK(INDEX(Zestawienie!H:H,ROW()*2+1))), AND(NOT(ISBLANK(INDEX(Zestawienie!I:I,ROW()*2+1))), INDEX(Zestawienie!I:I,ROW()*2+1)<TODAY()-120, ISBLANK(INDEX(Zestawienie!J:J,ROW()*2+1))), AND(NOT(ISBLANK(INDEX(Zestawienie!K:K,ROW()*2+1))), INDEX(Zestawienie!K:K,ROW()*2+1)<TODAY()-120, ISBLANK(INDEX(Zestawienie!L:L,ROW()*2+1))) ), "Spóźnione", IF( OR( AND(NOT(ISBLANK(INDEX(Zestawienie!C:C,ROW()*2+1))), ISBLANK(INDEX(Zestawienie!D:D,ROW()*2+1))), AND(NOT(ISBLANK(INDEX(Zestawienie!E:E,ROW()*2+1))), ISBLANK(INDEX(Zestawienie!F:F,ROW()*2+1))), AND(NOT(ISBLANK(INDEX(Zestawienie!G:G,ROW()*2+1))), ISBLANK(INDEX(Zestawienie!H:H,ROW()*2+1))), AND(NOT(ISBLANK(INDEX(Zestawienie!I:I,ROW()*2+1))), ISBLANK(INDEX(Zestawienie!J:J,ROW()*2+1))), AND(NOT(ISBLANK(INDEX(Zestawienie!K:K,ROW()*2+1))), ISBLANK(INDEX(Zestawienie!L:L,ROW()*2+1))) ), "Zajęte", "Wolne" ) )} -> Wolne | D51: {=IFERROR( IF( ISBLANK(INDEX(Zestawienie!B:B, MATCH(A51, Zestawienie!A:A, 0))), "", IF(C51="Wolne", IF( OR( ISBLANK(INDEX(Zestawienie!B:B, MATCH(A51, Zestawienie!A:A, 0))), NOT(ISNUMBER(INDEX(Zestawienie!B:B, MATCH(A51, Zestawienie!A:A, 0)))) ), "", TODAY()-INDEX(Zestawienie!B:B, MATCH(A51, Zestawienie!A:A, 0)) ), IF(OR(C51="Zajęte", C51="Spóźnione"), IF( ISBLANK( MAX( IF(ISNUMBER(INDEX(Zestawienie!C:C, 2*ROW()+1)), INDEX(Zestawienie!C:C, 2*ROW()+1), 0), IF(ISNUMBER(INDEX(Zestawienie!E:E, 2*ROW()+1)), INDEX(Zestawienie!E:E, 2*ROW()+1), 0), IF(ISNUMBER(INDEX(Zestawienie!G:G, 2*ROW()+1)), INDEX(Zestawienie!G:G, 2*ROW()+1), 0), IF(ISNUMBER(INDEX(Zestawienie!I:I, 2*ROW()+1)), INDEX(Zestawienie!I:I, 2*ROW()+1), 0), IF(ISNUMBER(INDEX(Zestawienie!K:K, 2*ROW()+1)), INDEX(Zestawienie!K:K, 2*ROW()+1), 0) ) ), "", IF(C51="Zajęte", TODAY()-MAX( IF(ISNUMBER(INDEX(Zestawienie!C:C, 2*ROW()+1)), INDEX(Zestawienie!C:C, 2*ROW()+1), 0), IF(ISNUMBER(INDEX(Zestawienie!E:E, 2*ROW()+1)), INDEX(Zestawienie!E:E, 2*ROW()+1), 0), IF(ISNUMBER(INDEX(Zestawienie!G:G, 2*ROW()+1)), INDEX(Zestawienie!G:G, 2*ROW()+1), 0), IF(ISNUMBER(INDEX(Zestawienie!I:I, 2*ROW()+1)), INDEX(Zestawienie!I:I, 2*ROW()+1), 0), IF(ISNUMBER(INDEX(Zestawienie!K:K, 2*ROW()+1)), INDEX(Zestawienie!K:K, 2*ROW()+1), 0) ), MAX(0, TODAY()-MAX( IF(ISNUMBER(INDEX(Zestawienie!C:C, 2*ROW()+1)), INDEX(Zestawienie!C:C, 2*ROW()+1), 0), IF(ISNUMBER(INDEX(Zestawienie!E:E, 2*ROW()+1)), INDEX(Zestawienie!E:E, 2*ROW()+1), 0), IF(ISNUMBER(INDEX(Zestawienie!G:G, 2*ROW()+1)), INDEX(Zestawienie!G:G, 2*ROW()+1), 0), IF(ISNUMBER(INDEX(Zestawienie!I:I, 2*ROW()+1)), INDEX(Zestawienie!I:I, 2*ROW()+1), 0), IF(ISNUMBER(INDEX(Zestawienie!K:K, 2*ROW()+1)), INDEX(Zestawienie!K:K, 2*ROW()+1), 0) )-120) ) ), "" ) ) ), "")} -> 173
A52: 51 | B52: =IFERROR(__xludf.DUMMYFUNCTION("IF( OR(C52=""Zajęte"", C52=""Spóźnione""), IFERROR( INDEX( FILTER( { INDEX(Zestawienie!K:K, ROW()*2); INDEX(Zestawienie!I:I, ROW()*2); INDEX(Zestawienie!G:G, ROW()*2); INDEX(Zestawienie!E:E, RO"&"W()*2); INDEX(Zestawienie!C:C, ROW()*2) }, { INDEX(Zestawienie!K:K, ROW()*2)<>"""" ; INDEX(Zestawienie!I:I, ROW()*2)<>"""" ; INDEX(Zestawienie!G:G, ROW()*2)<>"""" ; INDEX(Zestawienie!E:E, R"&"OW()*2)<>"""" ; INDEX(Zestawienie!C:C, ROW()*2)<>"""" } ), 1 ), """" ), """" ) "),"Szczepanik Halina") -> Szczepanik Halina | C52: {=IF( OR( AND(NOT(ISBLANK(INDEX(Zestawienie!C:C,ROW()*2+1))), INDEX(Zestawienie!C:C,ROW()*2+1)<TODAY()-120, ISBLANK(INDEX(Zestawienie!D:D,ROW()*2+1))), AND(NOT(ISBLANK(INDEX(Zestawienie!E:E,ROW()*2+1))), INDEX(Zestawienie!E:E,ROW()*2+1)<TODAY()-120, ISBLANK(INDEX(Zestawienie!F:F,ROW()*2+1))), AND(NOT(ISBLANK(INDEX(Zestawienie!G:G,ROW()*2+1))), INDEX(Zestawienie!G:G,ROW()*2+1)<TODAY()-120, ISBLANK(INDEX(Zestawienie!H:H,ROW()*2+1))), AND(NOT(ISBLANK(INDEX(Zestawienie!I:I,ROW()*2+1))), INDEX(Zestawienie!I:I,ROW()*2+1)<TODAY()-120, ISBLANK(INDEX(Zestawienie!J:J,ROW()*2+1))), AND(NOT(ISBLANK(INDEX(Zestawienie!K:K,ROW()*2+1))), INDEX(Zestawienie!K:K,ROW()*2+1)<TODAY()-120, ISBLANK(INDEX(Zestawienie!L:L,ROW()*2+1))) ), "Spóźnione", IF( OR( AND(NOT(ISBLANK(INDEX(Zestawienie!C:C,ROW()*2+1))), ISBLANK(INDEX(Zestawienie!D:D,ROW()*2+1))), AND(NOT(ISBLANK(INDEX(Zestawienie!E:E,ROW()*2+1))), ISBLANK(INDEX(Zestawienie!F:F,ROW()*2+1))), AND(NOT(ISBLANK(INDEX(Zestawienie!G:G,ROW()*2+1))), ISBLANK(INDEX(Zestawienie!H:H,ROW()*2+1))), AND(NOT(ISBLANK(INDEX(Zestawienie!I:I,ROW()*2+1))), ISBLANK(INDEX(Zestawienie!J:J,ROW()*2+1))), AND(NOT(ISBLANK(INDEX(Zestawienie!K:K,ROW()*2+1))), ISBLANK(INDEX(Zestawienie!L:L,ROW()*2+1))) ), "Zajęte", "Wolne" ) )} -> Zajęte | D52: {=IFERROR( IF( ISBLANK(INDEX(Zestawienie!B:B, MATCH(A52, Zestawienie!A:A, 0))), "", IF(C52="Wolne", IF( OR( ISBLANK(INDEX(Zestawienie!B:B, MATCH(A52, Zestawienie!A:A, 0))), NOT(ISNUMBER(INDEX(Zestawienie!B:B, MATCH(A52, Zestawienie!A:A, 0)))) ), "", TODAY()-INDEX(Zestawienie!B:B, MATCH(A52, Zestawienie!A:A, 0)) ), IF(OR(C52="Zajęte", C52="Spóźnione"), IF( ISBLANK( MAX( IF(ISNUMBER(INDEX(Zestawienie!C:C, 2*ROW()+1)), INDEX(Zestawienie!C:C, 2*ROW()+1), 0), IF(ISNUMBER(INDEX(Zestawienie!E:E, 2*ROW()+1)), INDEX(Zestawienie!E:E, 2*ROW()+1), 0), IF(ISNUMBER(INDEX(Zestawienie!G:G, 2*ROW()+1)), INDEX(Zestawienie!G:G, 2*ROW()+1), 0), IF(ISNUMBER(INDEX(Zestawienie!I:I, 2*ROW()+1)), INDEX(Zestawienie!I:I, 2*ROW()+1), 0), IF(ISNUMBER(INDEX(Zestawienie!K:K, 2*ROW()+1)), INDEX(Zestawienie!K:K, 2*ROW()+1), 0) ) ), "", IF(C52="Zajęte", TODAY()-MAX( IF(ISNUMBER(INDEX(Zestawienie!C:C, 2*ROW()+1)), INDEX(Zestawienie!C:C, 2*ROW()+1), 0), IF(ISNUMBER(INDEX(Zestawienie!E:E, 2*ROW()+1)), INDEX(Zestawienie!E:E, 2*ROW()+1), 0), IF(ISNUMBER(INDEX(Zestawienie!G:G, 2*ROW()+1)), INDEX(Zestawienie!G:G, 2*ROW()+1), 0), IF(ISNUMBER(INDEX(Zestawienie!I:I, 2*ROW()+1)), INDEX(Zestawienie!I:I, 2*ROW()+1), 0), IF(ISNUMBER(INDEX(Zestawienie!K:K, 2*ROW()+1)), INDEX(Zestawienie!K:K, 2*ROW()+1), 0) ), MAX(0, TODAY()-MAX( IF(ISNUMBER(INDEX(Zestawienie!C:C, 2*ROW()+1)), INDEX(Zestawienie!C:C, 2*ROW()+1), 0), IF(ISNUMBER(INDEX(Zestawienie!E:E, 2*ROW()+1)), INDEX(Zestawienie!E:E, 2*ROW()+1), 0), IF(ISNUMBER(INDEX(Zestawienie!G:G, 2*ROW()+1)), INDEX(Zestawienie!G:G, 2*ROW()+1), 0), IF(ISNUMBER(INDEX(Zestawienie!I:I, 2*ROW()+1)), INDEX(Zestawienie!I:I, 2*ROW()+1), 0), IF(ISNUMBER(INDEX(Zestawienie!K:K, 2*ROW()+1)), INDEX(Zestawienie!K:K, 2*ROW()+1), 0) )-120) ) ), "" ) ) ), "")} -> 97
A53: 52 | B53: =IFERROR(__xludf.DUMMYFUNCTION("IF( OR(C53=""Zajęte"", C53=""Spóźnione""), IFERROR( INDEX( FILTER( { INDEX(Zestawienie!K:K, ROW()*2); INDEX(Zestawienie!I:I, ROW()*2); INDEX(Zestawienie!G:G, ROW()*2); INDEX(Zestawienie!E:E, RO"&"W()*2); INDEX(Zestawienie!C:C, ROW()*2) }, { INDEX(Zestawienie!K:K, ROW()*2)<>"""" ; INDEX(Zestawienie!I:I, ROW()*2)<>"""" ; INDEX(Zestawienie!G:G, ROW()*2)<>"""" ; INDEX(Zestawienie!E:E, R"&"OW()*2)<>"""" ; INDEX(Zestawienie!C:C, ROW()*2)<>"""" } ), 1 ), """" ), """" ) "),"Piechota Ireneusz") -> Piechota Ireneusz | C53: {=IF( OR( AND(NOT(ISBLANK(INDEX(Zestawienie!C:C,ROW()*2+1))), INDEX(Zestawienie!C:C,ROW()*2+1)<TODAY()-120, ISBLANK(INDEX(Zestawienie!D:D,ROW()*2+1))), AND(NOT(ISBLANK(INDEX(Zestawienie!E:E,ROW()*2+1))), INDEX(Zestawienie!E:E,ROW()*2+1)<TODAY()-120, ISBLANK(INDEX(Zestawienie!F:F,ROW()*2+1))), AND(NOT(ISBLANK(INDEX(Zestawienie!G:G,ROW()*2+1))), INDEX(Zestawienie!G:G,ROW()*2+1)<TODAY()-120, ISBLANK(INDEX(Zestawienie!H:H,ROW()*2+1))), AND(NOT(ISBLANK(INDEX(Zestawienie!I:I,ROW()*2+1))), INDEX(Zestawienie!I:I,ROW()*2+1)<TODAY()-120, ISBLANK(INDEX(Zestawienie!J:J,ROW()*2+1))), AND(NOT(ISBLANK(INDEX(Zestawienie!K:K,ROW()*2+1))), INDEX(Zestawienie!K:K,ROW()*2+1)<TODAY()-120, ISBLANK(INDEX(Zestawienie!L:L,ROW()*2+1))) ), "Spóźnione", IF( OR( AND(NOT(ISBLANK(INDEX(Zestawienie!C:C,ROW()*2+1))), ISBLANK(INDEX(Zestawienie!D:D,ROW()*2+1))), AND(NOT(ISBLANK(INDEX(Zestawienie!E:E,ROW()*2+1))), ISBLANK(INDEX(Zestawienie!F:F,ROW()*2+1))), AND(NOT(ISBLANK(INDEX(Zestawienie!G:G,ROW()*2+1))), ISBLANK(INDEX(Zestawienie!H:H,ROW()*2+1))), AND(NOT(ISBLANK(INDEX(Zestawienie!I:I,ROW()*2+1))), ISBLANK(INDEX(Zestawienie!J:J,ROW()*2+1))), AND(NOT(ISBLANK(INDEX(Zestawienie!K:K,ROW()*2+1))), ISBLANK(INDEX(Zestawienie!L:L,ROW()*2+1))) ), "Zajęte", "Wolne" ) )} -> Zajęte | D53: {=IFERROR( IF( ISBLANK(INDEX(Zestawienie!B:B, MATCH(A53, Zestawienie!A:A, 0))), "", IF(C53="Wolne", IF( OR( ISBLANK(INDEX(Zestawienie!B:B, MATCH(A53, Zestawienie!A:A, 0))), NOT(ISNUMBER(INDEX(Zestawienie!B:B, MATCH(A53, Zestawienie!A:A, 0)))) ), "", TODAY()-INDEX(Zestawienie!B:B, MATCH(A53, Zestawienie!A:A, 0)) ), IF(OR(C53="Zajęte", C53="Spóźnione"), IF( ISBLANK( MAX( IF(ISNUMBER(INDEX(Zestawienie!C:C, 2*ROW()+1)), INDEX(Zestawienie!C:C, 2*ROW()+1), 0), IF(ISNUMBER(INDEX(Zestawienie!E:E, 2*ROW()+1)), INDEX(Zestawienie!E:E, 2*ROW()+1), 0), IF(ISNUMBER(INDEX(Zestawienie!G:G, 2*ROW()+1)), INDEX(Zestawienie!G:G, 2*ROW()+1), 0), IF(ISNUMBER(INDEX(Zestawienie!I:I, 2*ROW()+1)), INDEX(Zestawienie!I:I, 2*ROW()+1), 0), IF(ISNUMBER(INDEX(Zestawienie!K:K, 2*ROW()+1)), INDEX(Zestawienie!K:K, 2*ROW()+1), 0) ) ), "", IF(C53="Zajęte", TODAY()-MAX( IF(ISNUMBER(INDEX(Zestawienie!C:C, 2*ROW()+1)), INDEX(Zestawienie!C:C, 2*ROW()+1), 0), IF(ISNUMBER(INDEX(Zestawienie!E:E, 2*ROW()+1)), INDEX(Zestawienie!E:E, 2*ROW()+1), 0), IF(ISNUMBER(INDEX(Zestawienie!G:G, 2*ROW()+1)), INDEX(Zestawienie!G:G, 2*ROW()+1), 0), IF(ISNUMBER(INDEX(Zestawienie!I:I, 2*ROW()+1)), INDEX(Zestawienie!I:I, 2*ROW()+1), 0), IF(ISNUMBER(INDEX(Zestawienie!K:K, 2*ROW()+1)), INDEX(Zestawienie!K:K, 2*ROW()+1), 0) ), MAX(0, TODAY()-MAX( IF(ISNUMBER(INDEX(Zestawienie!C:C, 2*ROW()+1)), INDEX(Zestawienie!C:C, 2*ROW()+1), 0), IF(ISNUMBER(INDEX(Zestawienie!E:E, 2*ROW()+1)), INDEX(Zestawienie!E:E, 2*ROW()+1), 0), IF(ISNUMBER(INDEX(Zestawienie!G:G, 2*ROW()+1)), INDEX(Zestawienie!G:G, 2*ROW()+1), 0), IF(ISNUMBER(INDEX(Zestawienie!I:I, 2*ROW()+1)), INDEX(Zestawienie!I:I, 2*ROW()+1), 0), IF(ISNUMBER(INDEX(Zestawienie!K:K, 2*ROW()+1)), INDEX(Zestawienie!K:K, 2*ROW()+1), 0) )-120) ) ), "" ) ) ), "")} -> 4
